GlobalESV,SampleName,ESVsize,ESVseq,Strand,Root,RootRank,rBP,SuperKingdom,SuperKingdomRank,skBP,Kingdom,KingdomRank,kBP,Phylum,PhylumRank,pBP,Class,ClassRank,cBP,Order,OrderRank,oBP,Family,FamilyRank,fBP,Genus,GenusRank,gBP,Species,SpeciesRank,sBP
Zotu39,48_SC_I_12S_S16_MiFish_Ur_F_R,21,AGCCGCGGTAATACGGGGGATGCAAGCGTTATCCGGAATGATTGGGCGTAAAGAGTCCGTAGGTAGCCCCTCAAGTCTGCTGTTAAAGAGCGAGGCTTAACTTCGTAAAGGCAGTGGAAACTGGGGAGCTAGAGTATAGTAGGGGCAGAGGGAATTCCTGGTGTAGCGGTGAAATGCGTAGAGATCAGGAAGAACACCGGTGGCGAAAGCGCTCTGCTGGGCTATAACTGACACTGAGGGACGAAAGCTAGGGGAG,-,cellularOrganisms,cellularOrganisms,1.0,Eukaryota,superkingdom,1.0,Metazoa,kingdom,1.0,Chordata,phylum,1.0,Actinopteri,class,0.81,Gobiiformes,order,0.12,Gobiidae,family,0.11,Sicyopterus,genus,0.1,Sicyopterus_lividus,species,0.1
Zotu24,42_SC_I_12S_S10_MiFish_Ur_F_R,48,AGCCGCGGTAAGACGAACCGTCCAAACGTTATTCGGAATCACTGGGCTTAAAGGGTGCGTAGGCTGTATCGTAAGTTGGGTGTGAAAGCCCTCGGCTTAACCGAGGAACTGCGCCCAAAACTGCAGTACTTGAGGGAGATAGAGGTGAGCGGAACTTAGGGTGGAGCGGTGAAATGCGTTGATATCCTAAGGAACACCTGTGGCGAAAGCGGCTCACTGGATCTTTTCTGACGCTGAGGCACGAAAGCTAGGGTAG,-,cellularOrganisms,cellularOrganisms,1.0,Eukaryota,superkingdom,1.0,Metazoa,kingdom,1.0,Chordata,phylum,1.0,Actinopteri,class,0.84,Labriformes,order,0.13,Labridae,family,0.13,Cheilinus,genus,0.13,Cheilinus_fasciatus,species,0.13
Zotu40,42_SC_I_12S_S10_MiFish_Ur_F_R,21,AGCAGCGGTAATACGAGTGCCCCAAGCGTTATCCGGAATTATTGGGCGTAAAGGGTGCGTAGGTGGTGGTATTAGTCTTGTGTTAAATACTTCGGCTTAACCGAAGAATCGCATAGGAAACGGTACCACTAGAGTATGTGAGAGGTGCGTAGAACTCATGGAGTAGGGGTGAAATCCGTTGATATCATGGGGAATACCAAAAGCGTAGGCAGCGCACTGGCACATTACTGACACTGAAGCACGAAAGCGTGGGTAG,,cellularOrganisms,cellularOrganisms,1.0,Eukaryota,superkingdom,1.0,Metazoa,kingdom,1.0,Chordata,phylum,1.0,Actinopteri,class,0.88,Pleuronectiformes,order,0.15,Soleidae,family,0.11,Zebrias,genus,0.11,Zebrias_crossolepis,species,0.09
Zotu41,48_SC_I_12S_S16_MiFish_Ur_F_R,20,AGCCGCGGTAATACGAGAGGCCCAAACGTTATTCGGATTTACTGGGCTTAAAGAGTTTGTAGGCGGTTCGGTAAGTGAGATGTGAAAGCCCTCGGCTCAACCGAGGAATTGCGTTTCAAACTGCCGGGCTCGAGGGAGATAGAGGTGAGCGGAACTGATGGTGGAGCGGTGAAATGCGTTGATATCATCAGGAACACCAGAGGCGAAGGCGGCTCACTGGGTCTCTTCTGACGCTGAGAAACGAAAGCTAGGGGAG,,cellularOrganisms,cellularOrganisms,1.0,Eukaryota,superkingdom,1.0,Metazoa,kingdom,1.0,Chordata,phylum,1.0,Actinopteri,class,0.94,Clupeiformes,order,0.09,Clupeidae,family,0.09,Jenkinsia,genus,0.06,Jenkinsia_sp._CL54,species,0.06
Zotu17,44_SC_I_12S_S12_MiFish_Ur_F_R,83,AGCCGCGGTAATACGAGTTGTGCAAACGTTATTCGGAATCACTGGGCTTAAAGGGTGCGTAGGCGGCTACGAAAGTCAGATGTGAAATCCCTCGGCTCAACCGAGGAACTGCACTTGAAACTTCGTAGCTTGAGGGAGACAGAGGTGAGCGGAACTGATGGTGGAGCGGTGAAATGCGTTGATATCATCAGGAACACCGGTGGCGAAGGCGGCTCACTGGGTCTTATCTGACGCTGAGGCACGAAAGCCAGGGGAG,-,cellularOrganisms,cellularOrganisms,1.0,Eukaryota,superkingdom,1.0,Metazoa,kingdom,1.0,Chordata,phylum,1.0,Actinopteri,class,0.96,Labriformes,order,0.08,Labridae,family,0.08,Cheilinus,genus,0.06,Cheilinus_fasciatus,species,0.06
Zotu68,107_SC_I_12S_S21_MiFish_Ur_F_R,5,AGCCGCGGTAAGACGAGCTCTCCAAACGTTATTCGGTATTACTGGGCTTAAAGAGTTCGTAGGCGGCTCTGTAGGTGAGATGTGAAAGCCCTCGGCTTAACCGAGGAACTGCGTTTCAAACCACAGGGCTTGAGGGAGATAGGGGTAAGCGGAACAGATGGTGGAGCGGTGAAATGCATTGATATCATCTGGAACACCGGTGGCGAAGGCGGCTTACTGGGTCTTTTCTGACGCTGAGGAACGAAAGCTAGGGTAG,-,cellularOrganisms,cellularOrganisms,1.0,Eukaryota,superkingdom,1.0,Metazoa,kingdom,1.0,Chordata,phylum,1.0,Actinopteri,class,0.92,Stomiiformes,order,0.12,Gonostomatidae,family,0.12,Sigmops,genus,0.12,Sigmops_gracilis,species,0.12
Zotu58,37_SC_I_12S_S5_MiFish_Ur_F_R,9,AGCCGCGGTAATACGTAGGTGGCGAGCGTTGTCCGGATTTACTGGGCGTAAAGAGCGCGCAGGCGGTCGTGCAAGTCGGATGTGAAATCCCCCGGCTCAACTGGGGAGGGTCATTCGATACTGCTCGACTCGAAGGCGGGAGAGGGAAGCGGAATTCCCGGTGTAGTGGTGAAATGCGTAGATATCGGGAGGAACACCAGTGGCGAAGGCGGCTTCCTGGCCCGTTCTTGACGCTGAGGCGCGAAAGCTAGGGGAG,-,cellularOrganisms,cellularOrganisms,1.0,Eukaryota,superkingdom,1.0,Metazoa,kingdom,1.0,Chordata,phylum,1.0,Actinopteri,class,0.93,Spariformes,order,0.03,Nemipteridae,family,0.03,Scolopsis,genus,0.03,Scolopsis_ciliata,species,0.03
Zotu73,40_SC_I_12S_S8_MiFish_Ur_F_R,4,AGCCGCGGTAATACGTAGGTCCCGAGCGTTGTCCGGATTTATTGGGCGTAAAGCGAGCGCAGGTGGTTTATTAAGTCTGGTGTAAAAGGCAGTGGCTCAACCATTGTATGCATTGGAAACTGGTAGACTTGAGTGCAGGAGAGGAGAGTGGAATTCCATGTGTAGCGGTGAAATGCGTAGATATATGGAGGAACACCGGTGGCGAAAGCGGCTCTCTGGCCTGTAACTGACACTGAGGCTCGAAAGCGTGGGGAG,-,cellularOrganisms,cellularOrganisms,1.0,Eukaryota,superkingdom,1.0,Metazoa,kingdom,1.0,Chordata,phylum,1.0,Actinopteri,class,0.84,undef_Actinopteri,order,0.12,Moronidae,family,0.08,Dicentrarchus,genus,0.06,Dicentrarchus_labrax,species,0.06
Zotu34,48_SC_I_12S_S16_MiFish_Ur_F_R,25,AGCCGCGGTAATACGAACTGTGCGAACGTTACTCGGAATCACTGGGCTTACAGGGTGCGTAGGTGGCTTGATAAGCAGGGTGTGAAATCCCTCGGCTCAACCGAGGAACTGCGCTCTGAACTGTCGGGCTAGAGTATGCTAGAGGTGAATGGAACATCCAGTGGAGCGGTGAAATGTGTTGATATTGGATGGAACACCAGAGGCGAAGGCGATTCACTGGGGCATAACTGACACTGAGGCACGAAAGCCAGGGGAG,-,cellularOrganisms,cellularOrganisms,1.0,Eukaryota,superkingdom,1.0,Metazoa,kingdom,1.0,Chordata,phylum,1.0,Actinopteri,class,0.77,Anguilliformes,order,0.07,Cyematidae,family,0.07,Cyema,genus,0.07,Cyema_atrum,species,0.07
Zotu29,44_SC_I_12S_S12_MiFish_Ur_F_R,33,AGCCGCGGTAATACGAACTGTGCAAACGTTATTCGGAATCACTGGGCTTAAAGGGTGCGTAGGCGGCCATTTAAGTAGGGTGTGAAAGCCCCCGGCTCAACCGGGGAATTGCGTCCTAAACTGGGTGGCTCGAGTGAGATAGAGGTGTGCGGAACTTCCGGTGGAGCGGTGAAATGTGTTGATATCGGAAGGAACGCCGGTGGCGAAAGCGGCACACTGGATCTTAACTGACGCTGAGGCACGAAAGCCAGGGGAG,-,cellularOrganisms,cellularOrganisms,1.0,Eukaryota,superkingdom,1.0,Metazoa,kingdom,1.0,Chordata,phylum,1.0,Actinopteri,class,0.94,Labriformes,order,0.04,Labridae,family,0.04,Cheilinus,genus,0.04,Cheilinus_fasciatus,species,0.04
Zotu43,48_SC_I_12S_S16_MiFish_Ur_F_R,18,AGCCGCGGTAAGACGAACCGTACGAACGTTATTCGGAATTACTGGGCTTAAAGGGTGCGTAGGCTGCGTGGAAAGTTGGGTGTGAAAGCCCTCAGCTCAACTGAGGAATTGCACTCAAAACTACCATGCTCGAGGGAGACAGAGGTAAGCGGAACTCAAGGTGGAGCGGTGAAATGCGTTGATATCTTGAGGAACACCGGTGGCGAAGGCGGCTTACTGGGTCTTTTCTGACGCTGAGGCACGAAAGCCAAGGTAG,,cellularOrganisms,cellularOrganisms,1.0,Eukaryota,superkingdom,1.0,Metazoa,kingdom,1.0,Chordata,phylum,1.0,Actinopteri,class,0.87,Synbranchiformes,order,0.04,Indostomidae,family,0.04,Indostomus,genus,0.04,Indostomus_paradoxus,species,0.04
Zotu18,42_SC_I_12S_S10_MiFish_Ur_F_R,77,AGCCGCGGTAATACGAGAGGCCCAAACGTTATTCGGATTTACTGGGCTTAAAGAGTTCGTAGGCGGTGCGGTAAGTGGGGTGTGAAAGCCCTCGGCTCAACCGAGGAACTGCGCTCCAAACTACCACACTCGAGGGAGATAGAGGTGAGCAGAACAGATGGTGGAGCGGTGAAATGCGTTGATATCATCTGGAATACCGGAGGCGAAGGCGGCTCACTGGGTCTCTTCTGACGCTGAGGAACGAAAGCTAGGGGAG,,cellularOrganisms,cellularOrganisms,1.0,Eukaryota,superkingdom,1.0,Metazoa,kingdom,1.0,Chordata,phylum,1.0,Actinopteri,class,0.94,Osteoglossiformes,order,0.05,Osteoglossidae,family,0.05,Heterotis,genus,0.05,Heterotis_niloticus,species,0.05
Zotu71,48_SC_I_12S_S16_MiFish_Ur_F_R,3,CACCGCGGTTATACGAGAGGCCCTAGTTGATAATCACCGGCGTAAAGAGTCCGTAGGTAGCCCCTCAAGTCTGCTGTTAAAGAGCGAGGCTTAACTTCGTAAAGGCAGTGGAAACTGGGGAGCTAGAGTATAGTAGGGGCAGAGGGAATTCCTGGTGTAGCGGTGAAATGCGTAGAGATCAGGAAGAACACCGGTGGCGAAAGCGCTCTGCTGGGCTATAACTGACACTGAGGGACGAAAGCTAGGGGAG,,cellularOrganisms,cellularOrganisms,1.0,Eukaryota,superkingdom,1.0,Metazoa,kingdom,1.0,Chordata,phylum,1.0,Actinopteri,class,0.98,Stomiiformes,order,0.22,Gonostomatidae,family,0.22,Sigmops,genus,0.22,Sigmops_gracilis,species,0.22
Zotu67,107_SC_I_12S_S21_MiFish_Ur_F_R,5,AGCCGCGGTAAGACGAACCGTCCTAACGTTGTTCGGAATCACTGGGCTTAAAGGGCGCGTAGGCGGGCGACCAAGTCCGGGGTGAAATCTTTCGGCTTAACCGGAAAATAGCCTTGGATACTGGTTGTCTCGAGGGAGGTAGGGGCCGTTGGAACTTCCGGTGGAGCGGTGAAATGCGTTGATATCGGAAGGAACGCCGGTGGCGAAAGCGAACGGCTGGACCTCTTCTGACGCTGAGGCGCGAAAGCCAGGGGAG,-,cellularOrganisms,cellularOrganisms,1.0,Eukaryota,superkingdom,1.0,Metazoa,kingdom,1.0,Chordata,phylum,1.0,Actinopteri,class,0.96,Clupeiformes,order,0.13,Engraulidae,family,0.06,Coilia,genus,0.06,Coilia_reynaldi,species,0.06
Zotu57,48_SC_I_12S_S16_MiFish_Ur_F_R,10,AGCCGCGGTAAGACGAACCGTGCGAACGTTGTTCGGAATCACTGGGCTTAAAGGGCGCGTAGGCGGGTTGCCGCGTCCGGGGTGAAATCCCACGGCTCAACCGTGGGGCGGCCCCGGGTACGGGCGGCCTCGAGGAGGGTAGGGGCATGCGGAACTCTGGGTGGAGCGGTGAAATGCGTTGATATCCAGAGGAACTCCGGTGGCGAAGGCGGCATGCTGGACCCTTCCTGACGCTGAGGCGCGAAAGCCAGGGGAG,-,cellularOrganisms,cellularOrganisms,1.0,Eukaryota,superkingdom,1.0,Metazoa,kingdom,1.0,Chordata,phylum,1.0,Actinopteri,class,0.96,Osmeriformes,order,0.08,Plecoglossidae,family,0.08,Plecoglossus,genus,0.08,Plecoglossus_altivelis,species,0.08
Zotu70,48_SC_I_12S_S16_MiFish_Ur_F_R,3,AGCCGCGGTAAGACGAACCGTCCAAACGTTATTCGGAATTACTGGGCTTAAAGGGTGCGTAGGCGGCGCGGAAAGTTGGGTGTGAAATCCCTCGGCTCAACCGAGGAACTGCGCTCAATACTACCGTGCTCGAGGGAGATAGAGGTGAGCGGAACTTAGGGTGGAGCGGTGAAATGCGTTGATATCCTAAGGAACACCGGTGGCGAAAGCGGCTCACTGGATCTCTTCTGACGCTGAGGCACGAAAGCTAGGGTAG,-,cellularOrganisms,cellularOrganisms,1.0,Eukaryota,superkingdom,1.0,Metazoa,kingdom,1.0,Chordata,phylum,1.0,Actinopteri,class,0.87,Labriformes,order,0.12,Labridae,family,0.12,Cheilinus,genus,0.11,Cheilinus_fasciatus,species,0.11
Zotu37,48_SC_I_12S_S16_MiFish_Ur_F_R,25,AGCCGCGGTCATACGGAGGATCCAAGCGTTATCCGGATTTACTGGGCGTAAAGAGTTGCGTAGGCGGTTTATCAAGCAAGGCATGAAATAGTGTGGCTCAACCATACTGCTATGTTTTGAACTGATAGACTAGAGGATGAGAGAGGTTATTGGAATTCCAAGTGTAGGAGTGAAATCCGTAGATATTTGGAGGAACACCGATGGCGTAGGCAGATAACTGGCTCATTCCTGACGCTCAGGCACGAAAGCGTGGGTAG,-,cellularOrganisms,cellularOrganisms,1.0,Eukaryota,superkingdom,1.0,Metazoa,kingdom,1.0,Chordata,phylum,1.0,Actinopteri,class,0.82,Siluriformes,order,0.11,Ariidae,family,0.06,Occidentarius,genus,0.06,Occidentarius_platypogon,species,0.06
Zotu14,48_SC_I_12S_S16_MiFish_Ur_F_R,12,AGCCGCGGTAATACGAGAGGCCCAAACATTATTCGGAATTACTGGGCTTAAAGAGTTCGTAGGCGGCGTGGAAAGTAGGGTGTGAAAGCCCTCGGCTTAACCGAGGAATTGCGCTCTAAACTCCCGCGCTTGAGGAAGCTAGAGGTGAGCGGAACTGATGGTGGAGCGGTGAAATGCGTTGATATCATCAGGAACACCGGAGGCGAAGGCGGCTCACTGGGGCTTTTCTGACGCTGAGGAACGAAAGCCAGGGTAG,-,cellularOrganisms,cellularOrganisms,1.0,Eukaryota,superkingdom,1.0,Metazoa,kingdom,1.0,Chordata,phylum,1.0,Actinopteri,class,0.91,Notacanthiformes,order,0.05,Notacanthidae,family,0.05,Notacanthus,genus,0.04,Notacanthus_chemnitzii,species,0.04
Zotu14,181_SC_I_12S_S32_MiFish_Ur_F_R,86,AGCCGCGGTAATACGAGAGGCCCAAACATTATTCGGAATTACTGGGCTTAAAGAGTTCGTAGGCGGCGTGGAAAGTAGGGTGTGAAAGCCCTCGGCTTAACCGAGGAATTGCGCTCTAAACTCCCGCGCTTGAGGAAGCTAGAGGTGAGCGGAACTGATGGTGGAGCGGTGAAATGCGTTGATATCATCAGGAACACCGGAGGCGAAGGCGGCTCACTGGGGCTTTTCTGACGCTGAGGAACGAAAGCCAGGGTAG,-,cellularOrganisms,cellularOrganisms,1.0,Eukaryota,superkingdom,1.0,Metazoa,kingdom,1.0,Chordata,phylum,1.0,Actinopteri,class,0.91,Notacanthiformes,order,0.05,Notacanthidae,family,0.05,Notacanthus,genus,0.04,Notacanthus_chemnitzii,species,0.04
Zotu45,105_SC_I_12S_S20_MiFish_Ur_F_R,16,CACCGCGGTTATACGAGAGGCCCTAGTTGATAATTGTCGGCGTAAAGAGTGGTTTAGAAAATAATTTAATAAAGCCGAACACCTCCTCAGTTGTTATACACATTTGAAGATATGAAGCCCTACCGCGAAAGCAGCTTTAAGTATCCTGAACCCACGACAGCTATGGTA,,cellularOrganisms,cellularOrganisms,1.0,Eukaryota,superkingdom,1.0,Metazoa,kingdom,1.0,Chordata,phylum,1.0,Actinopteri,class,1.0,Esociformes,order,1.0,Esocidae,family,1.0,Esox,genus,1.0,Esox_lucius,species,0.99
Zotu76,42_SC_I_12S_S10_MiFish_Ur_F_R,3,CACCGCGGTCATACGATTAACCCAAACTAATTATCTTCGGCGTAAAACGTGTCAACTATAAATAAATAAATAGAATTAAAATCCAACTTATATGTGAAAATTCATTGTTAGGACCTAAACTCAATAACGAAAGTAATTCTAGTCATTTATAATACACGACAGCTAAGACC,,cellularOrganisms,cellularOrganisms,1.0,Eukaryota,superkingdom,1.0,Metazoa,kingdom,1.0,Chordata,phylum,1.0,Actinopteri,class,0.63,Cyprinodontiformes,order,0.15,Nothobranchiidae,family,0.13,Nothobranchius,genus,0.11,Nothobranchius_vosseleri,species,0.04
Zotu19,181_SC_I_12S_S32_MiFish_Ur_F_R,71,AGCCGCGGTAATACGTAGGGAGCAAGCGTTGTTCGGAATTATTGGGCGTAAAGAGCGCGTAGGCGGTTCGGTAAGTCTGACGTGAAATCCCGGAGCTTAACTCCGGAACTGCGTTGGATACTGCCGAGCTTGAGTGTGGGAGAGGAGAGTGGAATTCCCAGTGTAGAGGTGAAATTCGTAGATATTGGGAGGAACACCCGTGGCGAAGGCGGCTCTCTGGACCACAACTGACGCTGAGGCGCGAAAGCTAGGGTAG,-,cellularOrganisms,cellularOrganisms,1.0,Eukaryota,superkingdom,1.0,Metazoa,kingdom,1.0,Chordata,phylum,1.0,Actinopteri,class,0.78,Anguilliformes,order,0.14,Muraenidae,family,0.02,Gymnothorax,genus,0.02,Gymnothorax_kidako,species,0.02
Zotu7,181_SC_I_12S_S32_MiFish_Ur_F_R,120,AGCCGCGGTAAGACGAGTCTCACGAACGTTATTCGGAATTACTGGGCTTAAAGGGTGCGTAGGCGGTGGAGTAAGTCGGATGTGAAATACCATAGCTTAACTATGGAACTGCACTCGATACTACTTTGCTAGAGTAAGACAGAGGTGAGTGGAACTGAGGGTGGAGCGGTGAAATGCGTTGATATCCTCAGGAACACCGGTGGCGAAGGCGACTCACTGGGTCTTTACTGACGCTGATGCACGAAAGCTAGGGTAG,-,cellularOrganisms,cellularOrganisms,1.0,Eukaryota,superkingdom,1.0,Metazoa,kingdom,1.0,Chordata,phylum,1.0,Actinopteri,class,0.9,Tetraodontiformes,order,0.06,Tetraodontidae,family,0.06,Canthigaster,genus,0.01,Canthigaster_jactator,species,0.01
Zotu72,48_SC_I_12S_S16_MiFish_Ur_F_R,3,AGCCGCGGTAAGACGAACCGTGCAAACGTTGTTCGGAATCACTGGGCTTAAAGGGCGCGTAGGCGGTTCGTTAAGTCGTGGGTGAAATCTTTCGGCTCAACCGGAAAATTGCCTGCGATACTGGCGGACTGGAGGGAGGTAGGGGCAGCGGGAACTACCAGTGGAGCGGTGAAATGCGTTGATATTGGTAGGAACGCCGGTGGCGAAAGCGCGCTGCTGGACCTCTCCTGACGCTGAGGCGCGAAAGCTAGGGGAG,-,cellularOrganisms,cellularOrganisms,1.0,Eukaryota,superkingdom,1.0,Metazoa,kingdom,1.0,Chordata,phylum,1.0,Actinopteri,class,0.91,Blenniiformes,order,0.03,Gobiesocidae,family,0.02,Arcos,genus,0.02,Arcos_sp._KU_149,species,0.02
Zotu27,44_SC_I_12S_S12_MiFish_Ur_F_R,36,AGCCGCGGTAAGACGAACCGTACAAACGTTACTCGGAATTACTGGGCTTAAAGGGTGCGTAGGCTGCGCGAAAAGTTGGGTGTGAAATCCCTCGGCTCAACCGGGGAATTGCACTCAAAACTGTCGTGCTCGAGGGAGACAGAGGTAAGCGGAACTCAAGGTGGAGCGGTGAAATGCGTTGATATCTTGAGGAACACCGGTGGCGAAGGCGGCTTACTGGGTCTTTTCTGACGCTGAGGCACGAAAGCTAAGGTAG,-,cellularOrganisms,cellularOrganisms,1.0,Eukaryota,superkingdom,1.0,Metazoa,kingdom,1.0,Chordata,phylum,1.0,Actinopteri,class,0.92,Anguilliformes,order,0.11,Serrivomeridae,family,0.03,Serrivomer,genus,0.03,Serrivomer_beanii,species,0.03
Zotu42,48_SC_I_12S_S16_MiFish_Ur_F_R,18,AGCCGCGGTAATACGAGAGGCCCAAACGTTATTCGGATTTACTGGGCTTAAAGAGTTCGTAGGCGGCGCAGAAAGTAGGGTGTGAAAGCCCTCGGCTCAACCGAGGAATTGCGCTCTAAACTACTGTGCTTGAGGAACCTAGAGGTGAGCAGAACTGATGGTGGAGCGGTGAAATGCGTTGATATCATCAGGAATACCGGAGGCGAAGGCGGCTCACTGGGGGTTATCTGACGCTGAGGAACGAAAGCCAGGGGAG,,cellularOrganisms,cellularOrganisms,1.0,Eukaryota,superkingdom,1.0,Metazoa,kingdom,1.0,Chordata,phylum,1.0,Actinopteri,class,0.93,Galaxiiformes,order,0.05,Galaxiidae,family,0.05,Galaxias,genus,0.05,Galaxias_gollumoides,species,0.05
Zotu9,42_SC_I_12S_S10_MiFish_Ur_F_R,122,AGCCGCGGTAATACGAGTGGTGCAAACGTTATTCGGAATCACTGGGCTTAAAGGGTGCGTAGGCGGCCATGAAGGTCTGATGTGAAATACCACGGCTCAACCGTGGAATGGCATTGGAAACCACATGGCTGGAGTGAGACAGAGGTGAGCGGAACAGATGGTGGAGCGGTGAAATGCGTTGATATCATCTGGAACACCGGTGGCGAAAGCGGCTCACTGGGTCTTTACTGACGCTGAGGCACGAAAGCTAGGGGAG,-,cellularOrganisms,cellularOrganisms,1.0,Eukaryota,superkingdom,1.0,Metazoa,kingdom,1.0,Chordata,phylum,1.0,Actinopteri,class,0.92,Labriformes,order,0.06,Labridae,family,0.06,Cheilinus,genus,0.06,Cheilinus_fasciatus,species,0.06
Zotu28,48_SC_I_12S_S16_MiFish_Ur_F_R,32,AGCCGCGGTAAGACGAGTCTCACGAACGTTATTCGGAATTACTGGGCTTAAAGGGTGCGTAGGCGGTGGAGTAAGTCGGGTGTGAAATACCATAGCTTAACTATGGAACTGCACTCGATACTACTTTGCTAGAGTAAGACAGAGGTGAGTGGAACTGAGGGTGGAGCGGTGAAATGCGTTGATATCCTCAGGAACACCGGTGGCGAAGGCGACTCACTGGGTCTTTACTGACGCTGATGCACGAAAGCTAGGGTAG,-,cellularOrganisms,cellularOrganisms,1.0,Eukaryota,superkingdom,1.0,Metazoa,kingdom,1.0,Chordata,phylum,1.0,Actinopteri,class,0.89,Stomiiformes,order,0.02,Diplophidae,family,0.02,Diplophos,genus,0.02,Diplophos_taenia,species,0.02
Zotu4,181_SC_I_12S_S32_MiFish_Ur_F_R,153,AGCCGCGGTAAGACGAGCTCCCCGAACGTTATTCGGTATTACTGGGCTTAAAGAGTTCGTAGGCGGCCCGACAGGTCAGGTGTGAAATCCCTCGGCTCAACCGAGGAACTGCGCTTGAAACCGTCAGGCTTGAGGGAGATAGAGGTGAGCGGAACAGATGGTGGAGCGGTGAAATGCGTTGATATCATCTGGAACACCGGTGGCGAAAGCGGCTCACTGGATCTTTTCTGACGCTGAGGAACGAAAGCTAGGGTAG,-,cellularOrganisms,cellularOrganisms,1.0,Eukaryota,superkingdom,1.0,Metazoa,kingdom,1.0,Chordata,phylum,1.0,Actinopteri,class,0.91,Mugiliformes,order,0.04,Mugilidae,family,0.04,Mugil,genus,0.02,Mugil_cephalus,species,0.02
Zotu46,107_SC_I_12S_S21_MiFish_Ur_F_R,15,AGCCGCGGTAAGACGAGCTCCCCAAACGTTATTCGGTATTACTGGGCTTAAAGAGTTCGTAGGCGGCGAAGTAGGTGAGGTGTGAAAGCCCTCGGCTCAACCGAGGAACTGCGCTTCAAACCACTTTGCTAGAGGGAGATAGGGGTAAGCGGAACAGATGGTGGAACGGTGAAATGTATTGATATCATCTGGAACACCGGTGGCGAAAGCGGCTTACTGGGTCTTTTCTGACGCTGAGGAACGAAAGCTAGGGTAG,-,cellularOrganisms,cellularOrganisms,1.0,Eukaryota,superkingdom,1.0,Metazoa,kingdom,1.0,Chordata,phylum,1.0,Actinopteri,class,0.96,Stomiiformes,order,0.09,Gonostomatidae,family,0.09,Sigmops,genus,0.09,Sigmops_gracilis,species,0.09
Zotu59,48_SC_I_12S_S16_MiFish_Ur_F_R,9,AGCCGCGGTAATACGAGAGGCCCAAACGTTATTCGGATTTACTGGGCTTAAAGAGTTCGTAGGCGGTTCGGTAAGTGAGGTGTGAAAGCCCTCGGCTCAACCGAGGAATTGCGCTTCAAACTGCCGGGCTCGAGGGAGATAGAGGTGAGCGGAACTGATGGTGGAGCGGTGAAATGCGTTGATATCATCAGGAACACCAGAGGCGAAGGCGGCTCACTGGGTCTCTTCTGACGCTGAGGAACGAAAGCTAGGGGAG,-,cellularOrganisms,cellularOrganisms,1.0,Eukaryota,superkingdom,1.0,Metazoa,kingdom,1.0,Chordata,phylum,1.0,Actinopteri,class,0.93,Tetraodontiformes,order,0.02,Tetraodontidae,family,0.02,Tetractenos,genus,0.01,Tetractenos_glaber,species,0.01
Zotu69,174_SC_I_12S_S26_MiFish_Ur_F_R,5,ACCTGCGGTCATACGGAAACATTGAATTTTAGAAGATTATTGGGTTATTTTTAAGAAAACATATGGTGGAATATGGGGCTGTAAATATTGATAAAGGAAATAA,,cellularOrganisms,cellularOrganisms,1.0,Eukaryota,superkingdom,1.0,Metazoa,kingdom,1.0,Chordata,phylum,1.0,Chondrichthyes,class,0.2,Myliobatiformes,order,0.07,Potamotrygonidae,family,0.07,Potamotrygon,genus,0.07,Potamotrygon_motoro,species,0.07
Zotu75,107_SC_I_12S_S21_MiFish_Ur_F_R,3,AGCCGCGGTAATACGAACTGTGCAAACGTTATTCGGAATCACTGGGCTTACAGGGTGCGTAGGCGGCTTGTTAAGCAGGGTGTGAAATCCCTCGGCTCAACCGAGGAATTGCGCCCTGAACTGGCGAGCTTGAGTGGGATAGAGGTGCGTGGAACTTCCAGTGGAGCGGTGAAATGTGTTGATATTGGAAGGAACACCAGAGGCGAAAGCGGCGCACTGGATCTCAACTGACGCTGAGGCACGAAAGCCAGGGGAG,-,cellularOrganisms,cellularOrganisms,1.0,Eukaryota,superkingdom,1.0,Metazoa,kingdom,1.0,Chordata,phylum,1.0,Actinopteri,class,0.94,Gobiiformes,order,0.08,Kraemeriidae,family,0.03,Kraemeria,genus,0.03,Kraemeria_cunicularia,species,0.03
Zotu64,105_SC_I_12S_S20_MiFish_Ur_F_R,6,AGCAGCGGTAATACGAGTGCCTCGAGCGTTATCCGGAATCATTGGGCGTAAAGGGTGTGCAGGCGGTCTTGTTAGTCTTCTGTTAAATTTCTCGGCTTAACCGGGAACCTGCAGGGGAAACGGCAAGACTTGAGGATGCGAGAGGTTAACGGAACTCATAGTGTAGCGGTGAAATGCGTTGATATTATGGGGAACACCAAATGCGAAGGCAGTTAACTGGAGCACTCCTGACGCTGAAACACGAAAGCGTGGGTAG,,cellularOrganisms,cellularOrganisms,1.0,Eukaryota,superkingdom,1.0,Metazoa,kingdom,1.0,Chordata,phylum,1.0,Actinopteri,class,0.94,Tetraodontiformes,order,0.06,Tetraodontidae,family,0.04,Tetraodon,genus,0.03,Tetraodon_mbu,species,0.03
Zotu54,48_SC_I_12S_S16_MiFish_Ur_F_R,9,AGCCGCGGTAAGACGAGCTCCCCGAACGTTATTCGGTATTACTGGGCTTAAAGAGTTCGTAGGCGGCGAAGTAGGTGAGGTGTGAAAGCCCTCGGCTCAACCGAGGAACTGCGCTTCAAACCGCTTTGCTAGAGGGAGATAGGGGTAAGCGGAACAGATGGTGGAGCGGTGAAATGCATTGATATCATCTGGAACACCGGTGGCGAAAGCGGCTTACTGGGTCTTTTCTGACGCTGAGGAACGAAAGCTAGGGTAG,-,cellularOrganisms,cellularOrganisms,1.0,Eukaryota,superkingdom,1.0,Metazoa,kingdom,1.0,Chordata,phylum,1.0,Actinopteri,class,0.95,Stomiiformes,order,0.09,Gonostomatidae,family,0.08,Sigmops,genus,0.08,Sigmops_gracilis,species,0.08
Zotu38,48_SC_I_12S_S16_MiFish_Ur_F_R,24,AGCCGCGGTAAGACGAGCTCCCCAAACGTTATTCGGTATTACTGGGCTTAAAGAGTTCGTAGGCGGCGAAGTAGGTGAGGTGTGAAAGCCCTCGGCTCAACCGAGGAACTGCGCTTCAAACCGCTTTGCTAGAGGGAGATAGGGGTAAGCGGAACAGATGGTGGAGCGGTGAAATGCATTGATATCATCTGGAACACCGGTGGCGAAAGCGGCTTACTGGGTCTTTTCTGACGCTGAGGAACGAAAGCTAGGGTAG,-,cellularOrganisms,cellularOrganisms,1.0,Eukaryota,superkingdom,1.0,Metazoa,kingdom,1.0,Chordata,phylum,1.0,Actinopteri,class,0.94,Stomiiformes,order,0.08,Gonostomatidae,family,0.08,Sigmops,genus,0.08,Sigmops_gracilis,species,0.08
Zotu61,181_SC_I_12S_S32_MiFish_Ur_F_R,8,AGCCGCGGTAATACGGAGGATGCAAGCGTTATCCGGAATGATTGGGCGTAAAGGGTCCGCAGGTGGCATTGTAAGTCTGCTGTTAAAGAGTTTGGCTCAACCAAATAAGAGCAGTGGAAACTACAAAGCTAGAGTGTGGTCGGGGCAGAGGGAATTCCTGGTGTAGCGGTGAAATGCGTAGATATCAGGAAGAACACCAGTGGCGAAGGCGCTCTGCTAGGCCGAGACTGACACTGAGGGACGAAAGCTAGGGGAG,,cellularOrganisms,cellularOrganisms,1.0,Eukaryota,superkingdom,1.0,Metazoa,kingdom,1.0,Chordata,phylum,1.0,Actinopteri,class,0.99,Tetraodontiformes,order,0.12,Tetraodontidae,family,0.1,Carinotetraodon,genus,0.03,Carinotetraodon_salivator,species,0.03
Zotu77,42_SC_I_12S_S10_MiFish_Ur_F_R,3,CACCGCGGTTATACGAGAGGCCCAAACATTATTCGGAATTACTGGGCTTAAAGAGTTCGTAGGCGGCATGGAAAGTAGGGTGTGAAAGCCCTCGGCTCAACCGAGGAATTGCGCTCTAAACTTCCGTGCTTGAGGAAGCTAGAGGTGAGCGGAACTGATGGTGGAGCGGTGAAATGCGTTGATATCATCAGGAACACCGGAGGCGAAGGCGGCTCACTGGGGCTTTTCTGACGCTGAGGAACGAAAGCCAGGGTAG,,cellularOrganisms,cellularOrganisms,1.0,Eukaryota,superkingdom,1.0,Metazoa,kingdom,1.0,Chordata,phylum,1.0,Actinopteri,class,0.86,Synbranchiformes,order,0.04,Indostomidae,family,0.04,Indostomus,genus,0.04,Indostomus_paradoxus,species,0.04
Zotu22,44_SC_I_12S_S12_MiFish_Ur_F_R,62,AGCCGCGGTAAGACGAACCGTGCTAACGTTATTCGGAATTACTGGGCTTAAAGCGCGTGTAGGCGGATGTACGCGTCGGTGTTGAAATCCCTCGGCTTAACCGAGGAACCGGCATCGATACGGTACGTCTTGAGGGGTGGAGGGGGATCTGGAACTTCCGGTGGAGCGGTGAAATGCGTTGAGATCGGAAGGAATGCCTGTGGCGAAAGCGAGATCCTGGACACCAACTGACGCTGAGACGCGAAAGCTAGGGGAG,-,cellularOrganisms,cellularOrganisms,1.0,Eukaryota,superkingdom,1.0,Metazoa,kingdom,1.0,Chordata,phylum,1.0,Actinopteri,class,0.92,Clupeiformes,order,0.08,Clupeidae,family,0.07,Jenkinsia,genus,0.06,Jenkinsia_lamprotaenia,species,0.06
Zotu51,107_SC_I_12S_S21_MiFish_Ur_F_R,11,AGCCGCGGTAAGACGAGCCACACAAACGTTATTCGGAATTACTGGGCTTAAAGGGTGCGTAGGCGGCGCGAAAAGTTGGGTGTGAAATACCTCGGCTCAACCGAGGAACTGCGCCCAAAACTATCGTGCTCGAGGAAGATAGAGGTGAGCGGAACTTACGGTGGAGCGGTGAAATGCGTTGATATCGTAAGGAACACCCGTGGCGAAAGCGGCTCACTGGGTCTTTTCTGACGCTGATGCACGAAAGCTAGGGGAG,,cellularOrganisms,cellularOrganisms,1.0,Eukaryota,superkingdom,1.0,Metazoa,kingdom,1.0,Chordata,phylum,1.0,Actinopteri,class,0.98,Synbranchiformes,order,0.07,Indostomidae,family,0.07,Indostomus,genus,0.07,Indostomus_paradoxus,species,0.07
Zotu2,174_SC_I_12S_S26_MiFish_Ur_F_R,522,CACCGCGGTTATACGAGAGGCCCTAGTTGATAATCACCGGCGTAAAGAGTGGTTAGGAGTTATATTTCATAAATCCGAACACCCCCTTGGCTGTCATACGCACCTGGGGGCACGAAGCCCCACTGCGAAAGCAGCTTTAATCACCACCTGAACCCACGAAAGCTATGACA,,cellularOrganisms,cellularOrganisms,1.0,Eukaryota,superkingdom,1.0,Metazoa,kingdom,1.0,Chordata,phylum,1.0,Actinopteri,class,1.0,Salmoniformes,order,1.0,Salmonidae,family,1.0,Stenodus,genus,0.13,Stenodus_leucichthys,species,0.13
Zotu2,50_SC_I_12S_S18_MiFish_Ur_F_R,25,CACCGCGGTTATACGAGAGGCCCTAGTTGATAATCACCGGCGTAAAGAGTGGTTAGGAGTTATATTTCATAAATCCGAACACCCCCTTGGCTGTCATACGCACCTGGGGGCACGAAGCCCCACTGCGAAAGCAGCTTTAATCACCACCTGAACCCACGAAAGCTATGACA,,cellularOrganisms,cellularOrganisms,1.0,Eukaryota,superkingdom,1.0,Metazoa,kingdom,1.0,Chordata,phylum,1.0,Actinopteri,class,1.0,Salmoniformes,order,1.0,Salmonidae,family,1.0,Stenodus,genus,0.13,Stenodus_leucichthys,species,0.13
Zotu2,43_SC_I_12S_S11_MiFish_Ur_F_R,609,CACCGCGGTTATACGAGAGGCCCTAGTTGATAATCACCGGCGTAAAGAGTGGTTAGGAGTTATATTTCATAAATCCGAACACCCCCTTGGCTGTCATACGCACCTGGGGGCACGAAGCCCCACTGCGAAAGCAGCTTTAATCACCACCTGAACCCACGAAAGCTATGACA,,cellularOrganisms,cellularOrganisms,1.0,Eukaryota,superkingdom,1.0,Metazoa,kingdom,1.0,Chordata,phylum,1.0,Actinopteri,class,1.0,Salmoniformes,order,1.0,Salmonidae,family,1.0,Stenodus,genus,0.13,Stenodus_leucichthys,species,0.13
Zotu2,1_SC_I_12S_S1_MiFish_Ur_F_R,612,CACCGCGGTTATACGAGAGGCCCTAGTTGATAATCACCGGCGTAAAGAGTGGTTAGGAGTTATATTTCATAAATCCGAACACCCCCTTGGCTGTCATACGCACCTGGGGGCACGAAGCCCCACTGCGAAAGCAGCTTTAATCACCACCTGAACCCACGAAAGCTATGACA,,cellularOrganisms,cellularOrganisms,1.0,Eukaryota,superkingdom,1.0,Metazoa,kingdom,1.0,Chordata,phylum,1.0,Actinopteri,class,1.0,Salmoniformes,order,1.0,Salmonidae,family,1.0,Stenodus,genus,0.13,Stenodus_leucichthys,species,0.13
Zotu2,34_SC_I_12S_S3_MiFish_Ur_F_R,62,CACCGCGGTTATACGAGAGGCCCTAGTTGATAATCACCGGCGTAAAGAGTGGTTAGGAGTTATATTTCATAAATCCGAACACCCCCTTGGCTGTCATACGCACCTGGGGGCACGAAGCCCCACTGCGAAAGCAGCTTTAATCACCACCTGAACCCACGAAAGCTATGACA,,cellularOrganisms,cellularOrganisms,1.0,Eukaryota,superkingdom,1.0,Metazoa,kingdom,1.0,Chordata,phylum,1.0,Actinopteri,class,1.0,Salmoniformes,order,1.0,Salmonidae,family,1.0,Stenodus,genus,0.13,Stenodus_leucichthys,species,0.13
Zotu2,37_SC_I_12S_S5_MiFish_Ur_F_R,715,CACCGCGGTTATACGAGAGGCCCTAGTTGATAATCACCGGCGTAAAGAGTGGTTAGGAGTTATATTTCATAAATCCGAACACCCCCTTGGCTGTCATACGCACCTGGGGGCACGAAGCCCCACTGCGAAAGCAGCTTTAATCACCACCTGAACCCACGAAAGCTATGACA,,cellularOrganisms,cellularOrganisms,1.0,Eukaryota,superkingdom,1.0,Metazoa,kingdom,1.0,Chordata,phylum,1.0,Actinopteri,class,1.0,Salmoniformes,order,1.0,Salmonidae,family,1.0,Stenodus,genus,0.13,Stenodus_leucichthys,species,0.13
Zotu2,180_SC_I_12S_S31_MiFish_Ur_F_R,606,CACCGCGGTTATACGAGAGGCCCTAGTTGATAATCACCGGCGTAAAGAGTGGTTAGGAGTTATATTTCATAAATCCGAACACCCCCTTGGCTGTCATACGCACCTGGGGGCACGAAGCCCCACTGCGAAAGCAGCTTTAATCACCACCTGAACCCACGAAAGCTATGACA,,cellularOrganisms,cellularOrganisms,1.0,Eukaryota,superkingdom,1.0,Metazoa,kingdom,1.0,Chordata,phylum,1.0,Actinopteri,class,1.0,Salmoniformes,order,1.0,Salmonidae,family,1.0,Stenodus,genus,0.13,Stenodus_leucichthys,species,0.13
Zotu2,107_SC_I_12S_S21_MiFish_Ur_F_R,217,CACCGCGGTTATACGAGAGGCCCTAGTTGATAATCACCGGCGTAAAGAGTGGTTAGGAGTTATATTTCATAAATCCGAACACCCCCTTGGCTGTCATACGCACCTGGGGGCACGAAGCCCCACTGCGAAAGCAGCTTTAATCACCACCTGAACCCACGAAAGCTATGACA,,cellularOrganisms,cellularOrganisms,1.0,Eukaryota,superkingdom,1.0,Metazoa,kingdom,1.0,Chordata,phylum,1.0,Actinopteri,class,1.0,Salmoniformes,order,1.0,Salmonidae,family,1.0,Stenodus,genus,0.13,Stenodus_leucichthys,species,0.13
Zotu2,104_SC_I_12S_S19_MiFish_Ur_F_R,744,CACCGCGGTTATACGAGAGGCCCTAGTTGATAATCACCGGCGTAAAGAGTGGTTAGGAGTTATATTTCATAAATCCGAACACCCCCTTGGCTGTCATACGCACCTGGGGGCACGAAGCCCCACTGCGAAAGCAGCTTTAATCACCACCTGAACCCACGAAAGCTATGACA,,cellularOrganisms,cellularOrganisms,1.0,Eukaryota,superkingdom,1.0,Metazoa,kingdom,1.0,Chordata,phylum,1.0,Actinopteri,class,1.0,Salmoniformes,order,1.0,Salmonidae,family,1.0,Stenodus,genus,0.13,Stenodus_leucichthys,species,0.13
Zotu2,176_SC_I_12S_S27_MiFish_Ur_F_R,338,CACCGCGGTTATACGAGAGGCCCTAGTTGATAATCACCGGCGTAAAGAGTGGTTAGGAGTTATATTTCATAAATCCGAACACCCCCTTGGCTGTCATACGCACCTGGGGGCACGAAGCCCCACTGCGAAAGCAGCTTTAATCACCACCTGAACCCACGAAAGCTATGACA,,cellularOrganisms,cellularOrganisms,1.0,Eukaryota,superkingdom,1.0,Metazoa,kingdom,1.0,Chordata,phylum,1.0,Actinopteri,class,1.0,Salmoniformes,order,1.0,Salmonidae,family,1.0,Stenodus,genus,0.13,Stenodus_leucichthys,species,0.13
Zotu2,178_SC_I_12S_S29_MiFish_Ur_F_R,66,CACCGCGGTTATACGAGAGGCCCTAGTTGATAATCACCGGCGTAAAGAGTGGTTAGGAGTTATATTTCATAAATCCGAACACCCCCTTGGCTGTCATACGCACCTGGGGGCACGAAGCCCCACTGCGAAAGCAGCTTTAATCACCACCTGAACCCACGAAAGCTATGACA,,cellularOrganisms,cellularOrganisms,1.0,Eukaryota,superkingdom,1.0,Metazoa,kingdom,1.0,Chordata,phylum,1.0,Actinopteri,class,1.0,Salmoniformes,order,1.0,Salmonidae,family,1.0,Stenodus,genus,0.13,Stenodus_leucichthys,species,0.13
Zotu2,45_SC_I_12S_S13_MiFish_Ur_F_R,546,CACCGCGGTTATACGAGAGGCCCTAGTTGATAATCACCGGCGTAAAGAGTGGTTAGGAGTTATATTTCATAAATCCGAACACCCCCTTGGCTGTCATACGCACCTGGGGGCACGAAGCCCCACTGCGAAAGCAGCTTTAATCACCACCTGAACCCACGAAAGCTATGACA,,cellularOrganisms,cellularOrganisms,1.0,Eukaryota,superkingdom,1.0,Metazoa,kingdom,1.0,Chordata,phylum,1.0,Actinopteri,class,1.0,Salmoniformes,order,1.0,Salmonidae,family,1.0,Stenodus,genus,0.13,Stenodus_leucichthys,species,0.13
Zotu2,166_SC_I_12S_S23_MiFish_Ur_F_R,225,CACCGCGGTTATACGAGAGGCCCTAGTTGATAATCACCGGCGTAAAGAGTGGTTAGGAGTTATATTTCATAAATCCGAACACCCCCTTGGCTGTCATACGCACCTGGGGGCACGAAGCCCCACTGCGAAAGCAGCTTTAATCACCACCTGAACCCACGAAAGCTATGACA,,cellularOrganisms,cellularOrganisms,1.0,Eukaryota,superkingdom,1.0,Metazoa,kingdom,1.0,Chordata,phylum,1.0,Actinopteri,class,1.0,Salmoniformes,order,1.0,Salmonidae,family,1.0,Stenodus,genus,0.13,Stenodus_leucichthys,species,0.13
Zotu2,44_SC_I_12S_S12_MiFish_Ur_F_R,1103,CACCGCGGTTATACGAGAGGCCCTAGTTGATAATCACCGGCGTAAAGAGTGGTTAGGAGTTATATTTCATAAATCCGAACACCCCCTTGGCTGTCATACGCACCTGGGGGCACGAAGCCCCACTGCGAAAGCAGCTTTAATCACCACCTGAACCCACGAAAGCTATGACA,,cellularOrganisms,cellularOrganisms,1.0,Eukaryota,superkingdom,1.0,Metazoa,kingdom,1.0,Chordata,phylum,1.0,Actinopteri,class,1.0,Salmoniformes,order,1.0,Salmonidae,family,1.0,Stenodus,genus,0.13,Stenodus_leucichthys,species,0.13
Zotu2,47_SC_I_12S_S15_MiFish_Ur_F_R,717,CACCGCGGTTATACGAGAGGCCCTAGTTGATAATCACCGGCGTAAAGAGTGGTTAGGAGTTATATTTCATAAATCCGAACACCCCCTTGGCTGTCATACGCACCTGGGGGCACGAAGCCCCACTGCGAAAGCAGCTTTAATCACCACCTGAACCCACGAAAGCTATGACA,,cellularOrganisms,cellularOrganisms,1.0,Eukaryota,superkingdom,1.0,Metazoa,kingdom,1.0,Chordata,phylum,1.0,Actinopteri,class,1.0,Salmoniformes,order,1.0,Salmonidae,family,1.0,Stenodus,genus,0.13,Stenodus_leucichthys,species,0.13
Zotu2,39_SC_I_12S_S7_MiFish_Ur_F_R,937,CACCGCGGTTATACGAGAGGCCCTAGTTGATAATCACCGGCGTAAAGAGTGGTTAGGAGTTATATTTCATAAATCCGAACACCCCCTTGGCTGTCATACGCACCTGGGGGCACGAAGCCCCACTGCGAAAGCAGCTTTAATCACCACCTGAACCCACGAAAGCTATGACA,,cellularOrganisms,cellularOrganisms,1.0,Eukaryota,superkingdom,1.0,Metazoa,kingdom,1.0,Chordata,phylum,1.0,Actinopteri,class,1.0,Salmoniformes,order,1.0,Salmonidae,family,1.0,Stenodus,genus,0.13,Stenodus_leucichthys,species,0.13
Zotu2,46_SC_I_12S_S14_MiFish_Ur_F_R,190,CACCGCGGTTATACGAGAGGCCCTAGTTGATAATCACCGGCGTAAAGAGTGGTTAGGAGTTATATTTCATAAATCCGAACACCCCCTTGGCTGTCATACGCACCTGGGGGCACGAAGCCCCACTGCGAAAGCAGCTTTAATCACCACCTGAACCCACGAAAGCTATGACA,,cellularOrganisms,cellularOrganisms,1.0,Eukaryota,superkingdom,1.0,Metazoa,kingdom,1.0,Chordata,phylum,1.0,Actinopteri,class,1.0,Salmoniformes,order,1.0,Salmonidae,family,1.0,Stenodus,genus,0.13,Stenodus_leucichthys,species,0.13
Zotu2,38_SC_I_12S_S6_MiFish_Ur_F_R,364,CACCGCGGTTATACGAGAGGCCCTAGTTGATAATCACCGGCGTAAAGAGTGGTTAGGAGTTATATTTCATAAATCCGAACACCCCCTTGGCTGTCATACGCACCTGGGGGCACGAAGCCCCACTGCGAAAGCAGCTTTAATCACCACCTGAACCCACGAAAGCTATGACA,,cellularOrganisms,cellularOrganisms,1.0,Eukaryota,superkingdom,1.0,Metazoa,kingdom,1.0,Chordata,phylum,1.0,Actinopteri,class,1.0,Salmoniformes,order,1.0,Salmonidae,family,1.0,Stenodus,genus,0.13,Stenodus_leucichthys,species,0.13
Zotu2,105_SC_I_12S_S20_MiFish_Ur_F_R,56,CACCGCGGTTATACGAGAGGCCCTAGTTGATAATCACCGGCGTAAAGAGTGGTTAGGAGTTATATTTCATAAATCCGAACACCCCCTTGGCTGTCATACGCACCTGGGGGCACGAAGCCCCACTGCGAAAGCAGCTTTAATCACCACCTGAACCCACGAAAGCTATGACA,,cellularOrganisms,cellularOrganisms,1.0,Eukaryota,superkingdom,1.0,Metazoa,kingdom,1.0,Chordata,phylum,1.0,Actinopteri,class,1.0,Salmoniformes,order,1.0,Salmonidae,family,1.0,Stenodus,genus,0.13,Stenodus_leucichthys,species,0.13
Zotu2,114_SC_I_12S_S22_MiFish_Ur_F_R,555,CACCGCGGTTATACGAGAGGCCCTAGTTGATAATCACCGGCGTAAAGAGTGGTTAGGAGTTATATTTCATAAATCCGAACACCCCCTTGGCTGTCATACGCACCTGGGGGCACGAAGCCCCACTGCGAAAGCAGCTTTAATCACCACCTGAACCCACGAAAGCTATGACA,,cellularOrganisms,cellularOrganisms,1.0,Eukaryota,superkingdom,1.0,Metazoa,kingdom,1.0,Chordata,phylum,1.0,Actinopteri,class,1.0,Salmoniformes,order,1.0,Salmonidae,family,1.0,Stenodus,genus,0.13,Stenodus_leucichthys,species,0.13
Zotu2,41_SC_I_12S_S9_MiFish_Ur_F_R,307,CACCGCGGTTATACGAGAGGCCCTAGTTGATAATCACCGGCGTAAAGAGTGGTTAGGAGTTATATTTCATAAATCCGAACACCCCCTTGGCTGTCATACGCACCTGGGGGCACGAAGCCCCACTGCGAAAGCAGCTTTAATCACCACCTGAACCCACGAAAGCTATGACA,,cellularOrganisms,cellularOrganisms,1.0,Eukaryota,superkingdom,1.0,Metazoa,kingdom,1.0,Chordata,phylum,1.0,Actinopteri,class,1.0,Salmoniformes,order,1.0,Salmonidae,family,1.0,Stenodus,genus,0.13,Stenodus_leucichthys,species,0.13
Zotu2,49_SC_I_12S_S17_MiFish_Ur_F_R,413,CACCGCGGTTATACGAGAGGCCCTAGTTGATAATCACCGGCGTAAAGAGTGGTTAGGAGTTATATTTCATAAATCCGAACACCCCCTTGGCTGTCATACGCACCTGGGGGCACGAAGCCCCACTGCGAAAGCAGCTTTAATCACCACCTGAACCCACGAAAGCTATGACA,,cellularOrganisms,cellularOrganisms,1.0,Eukaryota,superkingdom,1.0,Metazoa,kingdom,1.0,Chordata,phylum,1.0,Actinopteri,class,1.0,Salmoniformes,order,1.0,Salmonidae,family,1.0,Stenodus,genus,0.13,Stenodus_leucichthys,species,0.13
Zotu2,171_SC_I_12S_S25_MiFish_Ur_F_R,2256,CACCGCGGTTATACGAGAGGCCCTAGTTGATAATCACCGGCGTAAAGAGTGGTTAGGAGTTATATTTCATAAATCCGAACACCCCCTTGGCTGTCATACGCACCTGGGGGCACGAAGCCCCACTGCGAAAGCAGCTTTAATCACCACCTGAACCCACGAAAGCTATGACA,,cellularOrganisms,cellularOrganisms,1.0,Eukaryota,superkingdom,1.0,Metazoa,kingdom,1.0,Chordata,phylum,1.0,Actinopteri,class,1.0,Salmoniformes,order,1.0,Salmonidae,family,1.0,Stenodus,genus,0.13,Stenodus_leucichthys,species,0.13
Zotu2,2_SC_I_12S_S2_MiFish_Ur_F_R,563,CACCGCGGTTATACGAGAGGCCCTAGTTGATAATCACCGGCGTAAAGAGTGGTTAGGAGTTATATTTCATAAATCCGAACACCCCCTTGGCTGTCATACGCACCTGGGGGCACGAAGCCCCACTGCGAAAGCAGCTTTAATCACCACCTGAACCCACGAAAGCTATGACA,,cellularOrganisms,cellularOrganisms,1.0,Eukaryota,superkingdom,1.0,Metazoa,kingdom,1.0,Chordata,phylum,1.0,Actinopteri,class,1.0,Salmoniformes,order,1.0,Salmonidae,family,1.0,Stenodus,genus,0.13,Stenodus_leucichthys,species,0.13
Zotu2,42_SC_I_12S_S10_MiFish_Ur_F_R,230,CACCGCGGTTATACGAGAGGCCCTAGTTGATAATCACCGGCGTAAAGAGTGGTTAGGAGTTATATTTCATAAATCCGAACACCCCCTTGGCTGTCATACGCACCTGGGGGCACGAAGCCCCACTGCGAAAGCAGCTTTAATCACCACCTGAACCCACGAAAGCTATGACA,,cellularOrganisms,cellularOrganisms,1.0,Eukaryota,superkingdom,1.0,Metazoa,kingdom,1.0,Chordata,phylum,1.0,Actinopteri,class,1.0,Salmoniformes,order,1.0,Salmonidae,family,1.0,Stenodus,genus,0.13,Stenodus_leucichthys,species,0.13
Zotu2,40_SC_I_12S_S8_MiFish_Ur_F_R,734,CACCGCGGTTATACGAGAGGCCCTAGTTGATAATCACCGGCGTAAAGAGTGGTTAGGAGTTATATTTCATAAATCCGAACACCCCCTTGGCTGTCATACGCACCTGGGGGCACGAAGCCCCACTGCGAAAGCAGCTTTAATCACCACCTGAACCCACGAAAGCTATGACA,,cellularOrganisms,cellularOrganisms,1.0,Eukaryota,superkingdom,1.0,Metazoa,kingdom,1.0,Chordata,phylum,1.0,Actinopteri,class,1.0,Salmoniformes,order,1.0,Salmonidae,family,1.0,Stenodus,genus,0.13,Stenodus_leucichthys,species,0.13
Zotu2,35_SC_I_12S_S4_MiFish_Ur_F_R,1393,CACCGCGGTTATACGAGAGGCCCTAGTTGATAATCACCGGCGTAAAGAGTGGTTAGGAGTTATATTTCATAAATCCGAACACCCCCTTGGCTGTCATACGCACCTGGGGGCACGAAGCCCCACTGCGAAAGCAGCTTTAATCACCACCTGAACCCACGAAAGCTATGACA,,cellularOrganisms,cellularOrganisms,1.0,Eukaryota,superkingdom,1.0,Metazoa,kingdom,1.0,Chordata,phylum,1.0,Actinopteri,class,1.0,Salmoniformes,order,1.0,Salmonidae,family,1.0,Stenodus,genus,0.13,Stenodus_leucichthys,species,0.13
Zotu2,U_SC_I_12S_S97_MiFish_Ur_F_R,326,CACCGCGGTTATACGAGAGGCCCTAGTTGATAATCACCGGCGTAAAGAGTGGTTAGGAGTTATATTTCATAAATCCGAACACCCCCTTGGCTGTCATACGCACCTGGGGGCACGAAGCCCCACTGCGAAAGCAGCTTTAATCACCACCTGAACCCACGAAAGCTATGACA,,cellularOrganisms,cellularOrganisms,1.0,Eukaryota,superkingdom,1.0,Metazoa,kingdom,1.0,Chordata,phylum,1.0,Actinopteri,class,1.0,Salmoniformes,order,1.0,Salmonidae,family,1.0,Stenodus,genus,0.13,Stenodus_leucichthys,species,0.13
Zotu2,177_SC_I_12S_S28_MiFish_Ur_F_R,219,CACCGCGGTTATACGAGAGGCCCTAGTTGATAATCACCGGCGTAAAGAGTGGTTAGGAGTTATATTTCATAAATCCGAACACCCCCTTGGCTGTCATACGCACCTGGGGGCACGAAGCCCCACTGCGAAAGCAGCTTTAATCACCACCTGAACCCACGAAAGCTATGACA,,cellularOrganisms,cellularOrganisms,1.0,Eukaryota,superkingdom,1.0,Metazoa,kingdom,1.0,Chordata,phylum,1.0,Actinopteri,class,1.0,Salmoniformes,order,1.0,Salmonidae,family,1.0,Stenodus,genus,0.13,Stenodus_leucichthys,species,0.13
Zotu2,48_SC_I_12S_S16_MiFish_Ur_F_R,605,CACCGCGGTTATACGAGAGGCCCTAGTTGATAATCACCGGCGTAAAGAGTGGTTAGGAGTTATATTTCATAAATCCGAACACCCCCTTGGCTGTCATACGCACCTGGGGGCACGAAGCCCCACTGCGAAAGCAGCTTTAATCACCACCTGAACCCACGAAAGCTATGACA,,cellularOrganisms,cellularOrganisms,1.0,Eukaryota,superkingdom,1.0,Metazoa,kingdom,1.0,Chordata,phylum,1.0,Actinopteri,class,1.0,Salmoniformes,order,1.0,Salmonidae,family,1.0,Stenodus,genus,0.13,Stenodus_leucichthys,species,0.13
Zotu81,48_SC_I_12S_S16_MiFish_Ur_F_R,3,AGCCGCGGTAAGACGGAGGATGCAAGCGTTATCCGGAATGATTGGGCGTAAAGCGTCCGCAGGTGGTTTTTCCAGTCTGCTGTTAAAGACCGGGGCTTAACTCCGGGCAGGCAGTGGAAACTGAAAGACTAGAGTATGGTAGGGGCAGAGGGAATTCCTGGTGTAGCGGTGAAATGCGTAGAGCTCAGGAAGAACATCGGTGGCGAAGGCGCTCTGCTAGGCCATAACTGACACTCAGGGACGAAAGCTAGGGGAG,-,cellularOrganisms,cellularOrganisms,1.0,Eukaryota,superkingdom,1.0,Metazoa,kingdom,1.0,Chordata,phylum,1.0,Actinopteri,class,0.92,Anguilliformes,order,0.06,Derichthyidae,family,0.05,Nessorhamphus,genus,0.05,Nessorhamphus_ingolfianus,species,0.05
Zotu48,44_SC_I_12S_S12_MiFish_Ur_F_R,14,AGCCGCGGTAAGACGAACCGTACAAACGTTACTCGGAATTACTGGGCTTAAAGGGTGCGTAGGCTGCGCGGAAAGTTGGGTGTGAAAGCCCTCAGCTCAACTGGGGAATTGCATTCAAAACTACCGTGCTCGAGGGAGACAGAGGTGAGCGGAACTCAAGGTGGAGCGGTGAAATGCGTTGATATCTTGAGGAACACCGGTGGCGAAGGCGGCTCACTGGGTCTTTTCTGACGCTGAGGCACGAAAGCCAAGGTAG,-,cellularOrganisms,cellularOrganisms,1.0,Eukaryota,superkingdom,1.0,Metazoa,kingdom,1.0,Chordata,phylum,1.0,Actinopteri,class,0.91,Labriformes,order,0.07,Labridae,family,0.07,Cheilinus,genus,0.07,Cheilinus_fasciatus,species,0.07
Zotu13,42_SC_I_12S_S10_MiFish_Ur_F_R,97,AGCCGCGGTAATACGAGAGGCCCAAACATTATTCGGAATTACTGGGCTTAAAGAGTTCGTAGGCGGCATGGAAAGTAGGGTGTGAAAGCCCTCGGCTCAACCGAGGAATTGCGCTCTAAACTTCCGTGCTTGAGGAAGCTAGAGGTGAGCGGAACTGATGGTGGAGCGGTGAAATGCGTTGATATCATCAGGAACACCGGAGGCGAAGGCGGCTCACTGGGGCTTTTCTGACGCTGAGGAACGAAAGCCAGGGTAG,,cellularOrganisms,cellularOrganisms,1.0,Eukaryota,superkingdom,1.0,Metazoa,kingdom,1.0,Chordata,phylum,1.0,Actinopteri,class,0.88,Synbranchiformes,order,0.03,Indostomidae,family,0.03,Indostomus,genus,0.03,Indostomus_paradoxus,species,0.03
Zotu26,181_SC_I_12S_S32_MiFish_Ur_F_R,8,AGCCGCGGTAAGACGAGTCTCACAAACGTTATTCGGAATTACTGGGCTTAAAGGGTGCGTAGGCGGTGAGGTAAGTCGGATGTGAAATACCTTAGCTTAACTAGGGAACTGCATTCGATACTACTTTGCTTGAGTAAGACAGAGGTGAGTGGAACTGAGGGTGGAGCGGTGAAATGCGTTGATATCCTCAGGAACACCGGTGGCGAAGGCGACTCACTGGGTCTTTACTGACGCTGATGCACGAAAGCTAGGGTAG,-,cellularOrganisms,cellularOrganisms,1.0,Eukaryota,superkingdom,1.0,Metazoa,kingdom,1.0,Chordata,phylum,1.0,Actinopteri,class,0.98,Clupeiformes,order,0.15,Pristigasteridae,family,0.05,Ilisha,genus,0.04,Ilisha_elongata,species,0.04
Zotu26,48_SC_I_12S_S16_MiFish_Ur_F_R,31,AGCCGCGGTAAGACGAGTCTCACAAACGTTATTCGGAATTACTGGGCTTAAAGGGTGCGTAGGCGGTGAGGTAAGTCGGATGTGAAATACCTTAGCTTAACTAGGGAACTGCATTCGATACTACTTTGCTTGAGTAAGACAGAGGTGAGTGGAACTGAGGGTGGAGCGGTGAAATGCGTTGATATCCTCAGGAACACCGGTGGCGAAGGCGACTCACTGGGTCTTTACTGACGCTGATGCACGAAAGCTAGGGTAG,-,cellularOrganisms,cellularOrganisms,1.0,Eukaryota,superkingdom,1.0,Metazoa,kingdom,1.0,Chordata,phylum,1.0,Actinopteri,class,0.98,Clupeiformes,order,0.15,Pristigasteridae,family,0.05,Ilisha,genus,0.04,Ilisha_elongata,species,0.04
Zotu36,48_SC_I_12S_S16_MiFish_Ur_F_R,24,AGCCGCGGTAAGACGAGTCTCACGAACGTTATTCGGAATTACTGGGCTTAAAGGGTGCGTAGGCGGTGGAGTAAGTCGGATGTGAAATACCATAGCTTAACTATGGAACTGCACTCGATACTACTTTGCTTGAGTAAGACAGAGGTGAGTGGAACTGAGGGTGGAGCGGTGAAATGCGTTGATATCCTCAGGAACACCGGTGGCGAAGGCGACTCACTGGGTCTTTACTGACGCTGATGCACGAAAGCTAGGGTAG,-,cellularOrganisms,cellularOrganisms,1.0,Eukaryota,superkingdom,1.0,Metazoa,kingdom,1.0,Chordata,phylum,1.0,Actinopteri,class,0.9,Clupeiformes,order,0.16,Pristigasteridae,family,0.05,Ilisha,genus,0.05,Ilisha_elongata,species,0.05
Zotu80,48_SC_I_12S_S16_MiFish_Ur_F_R,3,AGCCGCGGTAAGACGAACCGTGCGAACGTTGTTCGGAATCACTGGGCTTAAAGGGCGCGTAGGCGGGCCACCAAGTCCGGGGTGAAATCCTCCAGCTTAACTGGAGAACTGCCTCGGATACTGGAGGTCTTGAGGAAGATAGGGGCAAGCGGAACCGTGGGTGGAGCGGTGAAATGCGTTGATATCCATGGGAACTCCGGTGGCGAAGGCGGCTTGCTGGATCTTTTCTGACGCTGAGGCGCGAAAGCCAGGGGAG,-,cellularOrganisms,cellularOrganisms,1.0,Eukaryota,superkingdom,1.0,Metazoa,kingdom,1.0,Chordata,phylum,1.0,Actinopteri,class,0.85,Gonorynchiformes,order,0.09,Gonorynchidae,family,0.09,Gonorynchus,genus,0.09,Gonorynchus_abbreviatus,species,0.07
Zotu32,48_SC_I_12S_S16_MiFish_Ur_F_R,27,AGCCGCGGTAATACGTACCGGACAAACGTTATTCGGAATTACTGGGCTTAAAGAGTGCGTAGGCGGCCCACCAGGTGGGGTGTGAAATACCACGGCTCAACCGTGGAATTGCGCCCCAAACCGGCGGGCTTGAGGAAGATAGGGGTGAGCGGAACTGATGGTGGAGCGGTGAAATGCGTTGATATCATCAGGAACACCGGTGGCGAAGGCGGCTCACTGGGTCTTATCTGACGCTGAGGCACGAAAGCTAGGGTAG,-,cellularOrganisms,cellularOrganisms,1.0,Eukaryota,superkingdom,1.0,Metazoa,kingdom,1.0,Chordata,phylum,1.0,Chondrichthyes,class,0.03,Myliobatiformes,order,0.02,Myliobatidae,family,0.02,Mobula,genus,0.02,Mobula_tarapacana,species,0.02
Zotu60,107_SC_I_12S_S21_MiFish_Ur_F_R,8,AGCCGCGGTAAGACGAGCTCCCCAAACGTTATTCGGTATTACTGGGCTTAAAGAGTTCGTAGGCGGCGAAGTAGGTGAGGTGTGAAAGCCCTCGGCTCAACCGAGGAACTGCGCTTCAAACCACTTTGCTAGAGGGAGATAGGGGTAAGCGGAACAGATGGTGGAGCGGTGAAATGCATTGATATCATCTGGAACACCGGTGGCGAAAGCGGCTTACTGGGTCTTTTCTGACGCTGAGGAACGAAAGCTAGGGTAG,-,cellularOrganisms,cellularOrganisms,1.0,Eukaryota,superkingdom,1.0,Metazoa,kingdom,1.0,Chordata,phylum,1.0,Actinopteri,class,0.93,Stomiiformes,order,0.08,Gonostomatidae,family,0.08,Sigmops,genus,0.08,Sigmops_gracilis,species,0.08
Zotu3,35_SC_I_12S_S4_MiFish_Ur_F_R,5,AGCCGCGGTAAGACGGGGGATGCAAGTGTTATCCGGATTTACTGGGCGTAAAGCGTCTGCAGGTGGTTTCTTAAGTCTACTGTTAAATCTTGAGGCTCAACCTCAAATCTGCAGTAGAAACTAGGAGACTTGAGTATAGTAGGGGTAGAGGGAATTTCCAGTGGAGCGGTGAAATGCGTAGATATTGGAAAGAACACCGATGGCGAAGGCACTCTACTGGGCTATTACTGACACTCAGAGACGAAAGCTAGGGGAG,-,cellularOrganisms,cellularOrganisms,1.0,Eukaryota,superkingdom,1.0,Metazoa,kingdom,1.0,Chordata,phylum,1.0,Actinopteri,class,0.81,Priacanthiformes,order,0.11,Cepolidae,family,0.11,Acanthocepola,genus,0.11,Acanthocepola_krusensternii,species,0.11
Zotu3,177_SC_I_12S_S28_MiFish_Ur_F_R,7,AGCCGCGGTAAGACGGGGGATGCAAGTGTTATCCGGATTTACTGGGCGTAAAGCGTCTGCAGGTGGTTTCTTAAGTCTACTGTTAAATCTTGAGGCTCAACCTCAAATCTGCAGTAGAAACTAGGAGACTTGAGTATAGTAGGGGTAGAGGGAATTTCCAGTGGAGCGGTGAAATGCGTAGATATTGGAAAGAACACCGATGGCGAAGGCACTCTACTGGGCTATTACTGACACTCAGAGACGAAAGCTAGGGGAG,-,cellularOrganisms,cellularOrganisms,1.0,Eukaryota,superkingdom,1.0,Metazoa,kingdom,1.0,Chordata,phylum,1.0,Actinopteri,class,0.81,Priacanthiformes,order,0.11,Cepolidae,family,0.11,Acanthocepola,genus,0.11,Acanthocepola_krusensternii,species,0.11
Zotu3,48_SC_I_12S_S16_MiFish_Ur_F_R,27,AGCCGCGGTAAGACGGGGGATGCAAGTGTTATCCGGATTTACTGGGCGTAAAGCGTCTGCAGGTGGTTTCTTAAGTCTACTGTTAAATCTTGAGGCTCAACCTCAAATCTGCAGTAGAAACTAGGAGACTTGAGTATAGTAGGGGTAGAGGGAATTTCCAGTGGAGCGGTGAAATGCGTAGATATTGGAAAGAACACCGATGGCGAAGGCACTCTACTGGGCTATTACTGACACTCAGAGACGAAAGCTAGGGGAG,-,cellularOrganisms,cellularOrganisms,1.0,Eukaryota,superkingdom,1.0,Metazoa,kingdom,1.0,Chordata,phylum,1.0,Actinopteri,class,0.81,Priacanthiformes,order,0.11,Cepolidae,family,0.11,Acanthocepola,genus,0.11,Acanthocepola_krusensternii,species,0.11
Zotu3,179_SC_I_12S_S30_MiFish_Ur_F_R,15,AGCCGCGGTAAGACGGGGGATGCAAGTGTTATCCGGATTTACTGGGCGTAAAGCGTCTGCAGGTGGTTTCTTAAGTCTACTGTTAAATCTTGAGGCTCAACCTCAAATCTGCAGTAGAAACTAGGAGACTTGAGTATAGTAGGGGTAGAGGGAATTTCCAGTGGAGCGGTGAAATGCGTAGATATTGGAAAGAACACCGATGGCGAAGGCACTCTACTGGGCTATTACTGACACTCAGAGACGAAAGCTAGGGGAG,-,cellularOrganisms,cellularOrganisms,1.0,Eukaryota,superkingdom,1.0,Metazoa,kingdom,1.0,Chordata,phylum,1.0,Actinopteri,class,0.81,Priacanthiformes,order,0.11,Cepolidae,family,0.11,Acanthocepola,genus,0.11,Acanthocepola_krusensternii,species,0.11
Zotu3,44_SC_I_12S_S12_MiFish_Ur_F_R,151,AGCCGCGGTAAGACGGGGGATGCAAGTGTTATCCGGATTTACTGGGCGTAAAGCGTCTGCAGGTGGTTTCTTAAGTCTACTGTTAAATCTTGAGGCTCAACCTCAAATCTGCAGTAGAAACTAGGAGACTTGAGTATAGTAGGGGTAGAGGGAATTTCCAGTGGAGCGGTGAAATGCGTAGATATTGGAAAGAACACCGATGGCGAAGGCACTCTACTGGGCTATTACTGACACTCAGAGACGAAAGCTAGGGGAG,-,cellularOrganisms,cellularOrganisms,1.0,Eukaryota,superkingdom,1.0,Metazoa,kingdom,1.0,Chordata,phylum,1.0,Actinopteri,class,0.81,Priacanthiformes,order,0.11,Cepolidae,family,0.11,Acanthocepola,genus,0.11,Acanthocepola_krusensternii,species,0.11
Zotu50,107_SC_I_12S_S21_MiFish_Ur_F_R,12,AGCAGCGGTAATACGAGTGGTCCAAGCGTTATCCGGAATTATTGGGCGTAAAGGGTCTGTAGGTTGCATGATTAGTCTCCCGTTAAATCTTTCGGCTCAACCGAAAGCTCGCGGGGGAAACGGTCAAGCTAGAATATGCGAGGGGTGTGCGGAACTCATAGTGTAGGGGTGAAATCCGTTGATATTATGGGGAACACCAAAAGCGAAGGCAGCACACTGGCGTATTATTGACACTGAAAGACGAAAGCGTGGGTAG,,cellularOrganisms,cellularOrganisms,1.0,Eukaryota,superkingdom,1.0,Metazoa,kingdom,1.0,Chordata,phylum,1.0,Actinopteri,class,0.99,Gobiiformes,order,0.1,Gobiidae,family,0.1,Boleophthalmus,genus,0.01,Boleophthalmus_pectinirostris,species,0.01
Zotu10,44_SC_I_12S_S12_MiFish_Ur_F_R,111,AGCAGCGGTAATACGAGTGCCTCAAGCGTTATCCGGAATCATTGGGCGTAAAGGGTGTGTAGGTGGTCATATTAGTCTTCTGTTAAATTCTTCGGCTTAACCGGGGGCATGCAGGGGAAACGGTATGACTTGAGGATGCGAGGGGTCTGTGGAACTCTAGGTGTAGCGGTGAAATGCGTTGATATCTAGGGGAACACCAAAAGCGAAGGCAGCAGACTGGAGCACTCCTGACACTGAAACACGAAAGCGTGGGTAG,,cellularOrganisms,cellularOrganisms,1.0,Eukaryota,superkingdom,1.0,Metazoa,kingdom,1.0,Chordata,phylum,1.0,Actinopteri,class,0.95,Cypriniformes,order,0.21,Cyprinidae,family,0.1,Danio,genus,0.06,Danio_albolineatus,species,0.05
Zotu25,48_SC_I_12S_S16_MiFish_Ur_F_R,40,AGCCGCGGTAATACGAGAGGCCCAAACGTTATTCGGAATTACTGGGCTTAAAGAGTTCGTAGGCGGCATGGTAAGTAGGGTGTGAAATCCCTCGGCTCAACCGAGGAATTGCGCTCTAAACTACCGTGCTTGAGGAAGCTAGAGGTGAGCGGAACTGATGGTGGAGCGGTGAAATGCGTTGATATCATCAGGAACACCGGAGGCGAAGGCGGCTCACTGGGGCTTTTCTGACGCTGAGGAACGAAAGCCAGGGTAG,-,cellularOrganisms,cellularOrganisms,1.0,Eukaryota,superkingdom,1.0,Metazoa,kingdom,1.0,Chordata,phylum,1.0,Actinopteri,class,0.9,Clupeiformes,order,0.05,Pristigasteridae,family,0.03,Ilisha,genus,0.02,Ilisha_elongata,species,0.02
Zotu63,179_SC_I_12S_S30_MiFish_Ur_F_R,5,AGCCGCGGTAAGACGAACCGTCCAAACGTTATTCGGTATCACTGGGCTTAAAGCGTGCGTAGGCGGCCTGGTAGGTGAGGTGTGAAAGCCCACGGCTCAACCGTGGAATTGCGCTTCAAACCACCAGGCTGGAGGATGGCAGGGGTGATGGGAACTGATGGTGGAGCGGTGAAATGCGTTGATATCATCAGGAACACCGGTGGCGAAGGCGCATCACTGGGCCATTTCTGACGCTGAGGCACGAAAGCTAGGGTAG,-,cellularOrganisms,cellularOrganisms,1.0,Eukaryota,superkingdom,1.0,Metazoa,kingdom,1.0,Chordata,phylum,1.0,Actinopteri,class,0.96,Gadiformes,order,0.08,Macrouridae,family,0.07,Bathygadus,genus,0.06,Bathygadus_antrodes,species,0.06
Zotu53,37_SC_I_12S_S5_MiFish_Ur_F_R,8,AGCCGCGGTAATACGAGTGGTGCAAACGTTATTCGGAATCACTGGGCTTAAAGGGTGCGTAGGCGGCTACACAAGTCAGGTGTGAAATCCCTCGGCTCAACCGAGGAACTGCGCTTGAAACTGTGTGGCTCGAGGGAGACAGAGGTGAGCGGAACTGATGGTGGAGCGGTGAAATGCGTTGATATCATCAGGAACACCGGTGGCGAAAGCGGCTCACTGGGTCTTTTCTGACGCTGAGGCACGAAAGCTAGGGGAG,-,cellularOrganisms,cellularOrganisms,1.0,Eukaryota,superkingdom,1.0,Metazoa,kingdom,1.0,Chordata,phylum,1.0,Actinopteri,class,0.97,Labriformes,order,0.07,Labridae,family,0.07,Cheilinus,genus,0.05,Cheilinus_fasciatus,species,0.05
Zotu53,44_SC_I_12S_S12_MiFish_Ur_F_R,3,AGCCGCGGTAATACGAGTGGTGCAAACGTTATTCGGAATCACTGGGCTTAAAGGGTGCGTAGGCGGCTACACAAGTCAGGTGTGAAATCCCTCGGCTCAACCGAGGAACTGCGCTTGAAACTGTGTGGCTCGAGGGAGACAGAGGTGAGCGGAACTGATGGTGGAGCGGTGAAATGCGTTGATATCATCAGGAACACCGGTGGCGAAAGCGGCTCACTGGGTCTTTTCTGACGCTGAGGCACGAAAGCTAGGGGAG,-,cellularOrganisms,cellularOrganisms,1.0,Eukaryota,superkingdom,1.0,Metazoa,kingdom,1.0,Chordata,phylum,1.0,Actinopteri,class,0.97,Labriformes,order,0.07,Labridae,family,0.07,Cheilinus,genus,0.05,Cheilinus_fasciatus,species,0.05
Zotu83,48_SC_I_12S_S16_MiFish_Ur_F_R,3,CACCGCGGTTATACGAGAGGCCCAAACGTTATTCGGAATTACTGGGCTTAAAGAGTTCGTAGGCGGCATGGTAAGTAGGGTGTGAAATCCCTCGGCTCAACCGAGGAATTGCGCTCTAAACTACCGTGCTTGAGGAAGCTAGAGGTGAGCGGAACTGATGGTGGAGCGGTGAAATGCGTTGATATCATCAGGAACACCGGAGGCGAAGGCGGCTCACTGGGGCTTTTCTGACGCTGAGGAACGAAAGCCAGGGTAG,,cellularOrganisms,cellularOrganisms,1.0,Eukaryota,superkingdom,1.0,Metazoa,kingdom,1.0,Chordata,phylum,1.0,Actinopteri,class,0.87,Synbranchiformes,order,0.06,Indostomidae,family,0.06,Indostomus,genus,0.06,Indostomus_paradoxus,species,0.06
Zotu35,48_SC_I_12S_S16_MiFish_Ur_F_R,26,AGCCGCGGTAAGACGAACCGAGCGAACGTTGTTCGGAATCACTGGGCTTAAAGGGCGCGTAGGCGGGTGGATAAGTCCGTGGTGAAATCCGGCAGCTTAACTGTCGAATTGCCCTGGGTACTGTCCATCTCGAGGGAGGTAGGGGTGCGCGGAACTAATGGTGGAGCGGTGAAATGCGTTGATATCATTAGGAACTCCGGTGGCGAAGGCGGCGCACTGGACCTCTTCTGACGCTGAGGCGCGAAAGCCAGGGGAG,-,cellularOrganisms,cellularOrganisms,1.0,Eukaryota,superkingdom,1.0,Metazoa,kingdom,1.0,Chordata,phylum,1.0,Actinopteri,class,0.78,Clupeiformes,order,0.09,Pristigasteridae,family,0.03,Opisthopterus,genus,0.03,Opisthopterus_tardoore,species,0.03
Zotu78,42_SC_I_12S_S10_MiFish_Ur_F_R,3,CACCGCGGTTATACGAGAGGCCCAAACGTTATTCGGATTTACTGGGCTTAAAGAGTTCGTAGGCGGTGCGGTAAGTGGGGTGTGAAAGCCCTCGGCTCAACCGAGGAACTGCGCTCCAAACTACCACACTCGAGGGAGATAGAGGTGAGCAGAACAGATGGTGGAGCGGTGAAATGCGTTGATATCATCTGGAATACCGGAGGCGAAGGCGGCTCACTGGGTCTCTTCTGACGCTGAGGAACGAAAGCTAGGGGAG,,cellularOrganisms,cellularOrganisms,1.0,Eukaryota,superkingdom,1.0,Metazoa,kingdom,1.0,Chordata,phylum,1.0,Actinopteri,class,0.94,Clupeiformes,order,0.09,Clupeidae,family,0.09,Jenkinsia,genus,0.06,Jenkinsia_sp._CL54,species,0.06
Zotu11,107_SC_I_12S_S21_MiFish_Ur_F_R,8,AGCCGCGGTAAGACGGGGGATGCAAGTGTTATCCGGATTTACTGGGCGTAAAGCGTCTGCAGGTGGTTTCTTAAGTCTGCTGTTAAATCTTGAGGCTCAACCTCAAATCTGCAGTAGAAACTAGGAGACTTGAGTATAGTAGGGGTAGAGGGAATTTCCAGTGGAGCGGTGAAATGCGTAGATATTGGAAAGAACACCGATGGCGAAGGCACTCTACTGGGCTATTACTGACACTCAGAGACGAAAGCTAGGGGAG,-,cellularOrganisms,cellularOrganisms,1.0,Eukaryota,superkingdom,1.0,Metazoa,kingdom,1.0,Chordata,phylum,1.0,Actinopteri,class,0.81,Priacanthiformes,order,0.11,Cepolidae,family,0.11,Acanthocepola,genus,0.11,Acanthocepola_krusensternii,species,0.11
Zotu11,179_SC_I_12S_S30_MiFish_Ur_F_R,27,AGCCGCGGTAAGACGGGGGATGCAAGTGTTATCCGGATTTACTGGGCGTAAAGCGTCTGCAGGTGGTTTCTTAAGTCTGCTGTTAAATCTTGAGGCTCAACCTCAAATCTGCAGTAGAAACTAGGAGACTTGAGTATAGTAGGGGTAGAGGGAATTTCCAGTGGAGCGGTGAAATGCGTAGATATTGGAAAGAACACCGATGGCGAAGGCACTCTACTGGGCTATTACTGACACTCAGAGACGAAAGCTAGGGGAG,-,cellularOrganisms,cellularOrganisms,1.0,Eukaryota,superkingdom,1.0,Metazoa,kingdom,1.0,Chordata,phylum,1.0,Actinopteri,class,0.81,Priacanthiformes,order,0.11,Cepolidae,family,0.11,Acanthocepola,genus,0.11,Acanthocepola_krusensternii,species,0.11
Zotu11,48_SC_I_12S_S16_MiFish_Ur_F_R,65,AGCCGCGGTAAGACGGGGGATGCAAGTGTTATCCGGATTTACTGGGCGTAAAGCGTCTGCAGGTGGTTTCTTAAGTCTGCTGTTAAATCTTGAGGCTCAACCTCAAATCTGCAGTAGAAACTAGGAGACTTGAGTATAGTAGGGGTAGAGGGAATTTCCAGTGGAGCGGTGAAATGCGTAGATATTGGAAAGAACACCGATGGCGAAGGCACTCTACTGGGCTATTACTGACACTCAGAGACGAAAGCTAGGGGAG,-,cellularOrganisms,cellularOrganisms,1.0,Eukaryota,superkingdom,1.0,Metazoa,kingdom,1.0,Chordata,phylum,1.0,Actinopteri,class,0.81,Priacanthiformes,order,0.11,Cepolidae,family,0.11,Acanthocepola,genus,0.11,Acanthocepola_krusensternii,species,0.11
Zotu11,177_SC_I_12S_S28_MiFish_Ur_F_R,11,AGCCGCGGTAAGACGGGGGATGCAAGTGTTATCCGGATTTACTGGGCGTAAAGCGTCTGCAGGTGGTTTCTTAAGTCTGCTGTTAAATCTTGAGGCTCAACCTCAAATCTGCAGTAGAAACTAGGAGACTTGAGTATAGTAGGGGTAGAGGGAATTTCCAGTGGAGCGGTGAAATGCGTAGATATTGGAAAGAACACCGATGGCGAAGGCACTCTACTGGGCTATTACTGACACTCAGAGACGAAAGCTAGGGGAG,-,cellularOrganisms,cellularOrganisms,1.0,Eukaryota,superkingdom,1.0,Metazoa,kingdom,1.0,Chordata,phylum,1.0,Actinopteri,class,0.81,Priacanthiformes,order,0.11,Cepolidae,family,0.11,Acanthocepola,genus,0.11,Acanthocepola_krusensternii,species,0.11
Zotu47,48_SC_I_12S_S16_MiFish_Ur_F_R,13,AGCCGCGGTAAAACGTAGGAGGCAAGCGTTATCCGGATTTACTGGGCGTAAAGCGCACGCAGGCGGCTGCGTAAGTCGGACGTGAAAGCTCCCGGCTCAACTGGGAGAGGTCGTTCGAAACTGCGCGGCTTGAGGTTGGAAGAGGAGAGCGGAATTCCCGGTGTAGTGGTGGAATGCGTAGATATCGGGAGGAACACCAGTGGCGAAAGCGGCTCTCTGGTCCACACCTGACGCTCAGGTGCGAAAGCGTGGGTAG,-,cellularOrganisms,cellularOrganisms,1.0,Eukaryota,superkingdom,1.0,Metazoa,kingdom,1.0,Chordata,phylum,1.0,Actinopteri,class,0.97,Characiformes,order,0.07,Erythrinidae,family,0.04,Hoplias,genus,0.04,Hoplias_intermedius,species,0.04
Zotu23,44_SC_I_12S_S12_MiFish_Ur_F_R,49,AGCCGCGGTAATACGAGAGGCCCAAACGTTATTCGGATTTACTGGGCTTAAAGAGTTCGTAGGCGGTTCGGTAAGTGGGGTGTGAAAGCCCTCGGCTCAACCGAGGAATTGCGCTCCAAACTGCCGGGCTCGAGGGAGATAGAGGTGAGCGGAACTGATGGTGGAGCGGTGAAATGCGTTGATATCATCAGGAACACCAGAGGCGAAGGCGGCTCACTGGGTCTCTTCTGACGCTGAGGAACGAAAGCTAGGGGAG,-,cellularOrganisms,cellularOrganisms,1.0,Eukaryota,superkingdom,1.0,Metazoa,kingdom,1.0,Chordata,phylum,1.0,Actinopteri,class,0.95,Syngnathiformes,order,0.1,Syngnathidae,family,0.09,Dunckerocampus,genus,0.06,Dunckerocampus_dactyliophorus,species,0.06
Zotu16,44_SC_I_12S_S12_MiFish_Ur_F_R,86,AGCCGCGGTAACACGTACTGTGCGAACGTTATTCGGAATCACTGGGCTTAAAGGGTGCGTAGGCGGCGATTCAAGTCAGATGTGAAATGCCTGAGCTCAACTGAGGCATTGCGTTTGAAACTGAACCGCTAGAGTATTTCAGGGGTGTGCGGAACTGCCAGTGGAACGGTGAAATGTGTTGATATTGGCAGGAACACCGGAGGCGAAAGCGGCACACTGGGGAATAACTGACGCTGAGGCACGAAAGCCAAGGGAG,-,cellularOrganisms,cellularOrganisms,1.0,Eukaryota,superkingdom,1.0,Metazoa,kingdom,1.0,Chordata,phylum,1.0,Actinopteri,class,0.87,Pleuronectiformes,order,0.07,Cynoglossidae,family,0.04,Cynoglossus,genus,0.04,Cynoglossus_itinus,species,0.04
Zotu79,44_SC_I_12S_S12_MiFish_Ur_F_R,3,CACCGCGGTAAGACGAACCGTGCTAACGTTATTCGGAATTACTGGGCTTAAAGCGCGTGTAGGCGGATGTACGCGTCGGTGTTGAAATCCCTCGGCTTAACCGAGGAACCGGCATCGATACGGTACGTCTTGAGGGGTGGAGGGGGATCTGGAACTTCCGGTGGAGCGGTGAAATGCGTTGAGATCGGAAGGAATGCCTGTGGCGAAAGCGAGATCCTGGACACCAACTGACGCTGAGACGCGAAAGCTAGGGGAG,-,cellularOrganisms,cellularOrganisms,1.0,Eukaryota,superkingdom,1.0,Metazoa,kingdom,1.0,Chordata,phylum,1.0,Actinopteri,class,0.92,Clupeiformes,order,0.08,Clupeidae,family,0.07,Jenkinsia,genus,0.06,Jenkinsia_lamprotaenia,species,0.06
Zotu12,181_SC_I_12S_S32_MiFish_Ur_F_R,109,AGCCGCGGTAAGACGAACCGAGCGAACGTTGTTCGGAATAACTGGGCTTAAAGGGCGCGTAGGCGGGCTGTCAAGTTTGGGGTGAAATCCCGCGGCTCAACCGTGGAACTGCCTCAAATACTGACGGTCTCGAGGGAGGTAGGGGCGAGCGGAACTGATGGTGGAGCGGTGAAATGCGTTGATATCATCAGGAACTCCGGTGGCGAAGGCGGCTCGCTGGACCTCTTCTGACGCTGAGGCGCGAAAGCTAGGGGAG,-,cellularOrganisms,cellularOrganisms,1.0,Eukaryota,superkingdom,1.0,Metazoa,kingdom,1.0,Chordata,phylum,1.0,Actinopteri,class,0.82,Gadiformes,order,0.06,Macrouridae,family,0.05,Squalogadus,genus,0.04,Squalogadus_modificatus,species,0.04
Zotu1,39_SC_I_12S_S7_MiFish_Ur_F_R,105100,CACCGCGGTTATACGAGAGGCCCTAGTTGATAATCACCGGCGTAAAGAGTGGTTAGGAATTATATTTAATAAAGCCGAACACCCCCTTGGCTGTCATACGCACCTGGGGGCACGAAGCCCCACTGCGAAAGCAGCTTTAATCACCACCTGAACCCACGACAGCTATGATA,,cellularOrganisms,cellularOrganisms,1.0,Eukaryota,superkingdom,1.0,Metazoa,kingdom,1.0,Chordata,phylum,1.0,Actinopteri,class,1.0,Salmoniformes,order,1.0,Salmonidae,family,1.0,Coregonus,genus,0.91,Coregonus_ussuriensis,species,0.13
Zotu1,46_SC_I_12S_S14_MiFish_Ur_F_R,94612,CACCGCGGTTATACGAGAGGCCCTAGTTGATAATCACCGGCGTAAAGAGTGGTTAGGAATTATATTTAATAAAGCCGAACACCCCCTTGGCTGTCATACGCACCTGGGGGCACGAAGCCCCACTGCGAAAGCAGCTTTAATCACCACCTGAACCCACGACAGCTATGATA,,cellularOrganisms,cellularOrganisms,1.0,Eukaryota,superkingdom,1.0,Metazoa,kingdom,1.0,Chordata,phylum,1.0,Actinopteri,class,1.0,Salmoniformes,order,1.0,Salmonidae,family,1.0,Coregonus,genus,0.91,Coregonus_ussuriensis,species,0.13
Zotu1,38_SC_I_12S_S6_MiFish_Ur_F_R,43487,CACCGCGGTTATACGAGAGGCCCTAGTTGATAATCACCGGCGTAAAGAGTGGTTAGGAATTATATTTAATAAAGCCGAACACCCCCTTGGCTGTCATACGCACCTGGGGGCACGAAGCCCCACTGCGAAAGCAGCTTTAATCACCACCTGAACCCACGACAGCTATGATA,,cellularOrganisms,cellularOrganisms,1.0,Eukaryota,superkingdom,1.0,Metazoa,kingdom,1.0,Chordata,phylum,1.0,Actinopteri,class,1.0,Salmoniformes,order,1.0,Salmonidae,family,1.0,Coregonus,genus,0.91,Coregonus_ussuriensis,species,0.13
Zotu1,105_SC_I_12S_S20_MiFish_Ur_F_R,99626,CACCGCGGTTATACGAGAGGCCCTAGTTGATAATCACCGGCGTAAAGAGTGGTTAGGAATTATATTTAATAAAGCCGAACACCCCCTTGGCTGTCATACGCACCTGGGGGCACGAAGCCCCACTGCGAAAGCAGCTTTAATCACCACCTGAACCCACGACAGCTATGATA,,cellularOrganisms,cellularOrganisms,1.0,Eukaryota,superkingdom,1.0,Metazoa,kingdom,1.0,Chordata,phylum,1.0,Actinopteri,class,1.0,Salmoniformes,order,1.0,Salmonidae,family,1.0,Coregonus,genus,0.91,Coregonus_ussuriensis,species,0.13
Zotu1,114_SC_I_12S_S22_MiFish_Ur_F_R,94697,CACCGCGGTTATACGAGAGGCCCTAGTTGATAATCACCGGCGTAAAGAGTGGTTAGGAATTATATTTAATAAAGCCGAACACCCCCTTGGCTGTCATACGCACCTGGGGGCACGAAGCCCCACTGCGAAAGCAGCTTTAATCACCACCTGAACCCACGACAGCTATGATA,,cellularOrganisms,cellularOrganisms,1.0,Eukaryota,superkingdom,1.0,Metazoa,kingdom,1.0,Chordata,phylum,1.0,Actinopteri,class,1.0,Salmoniformes,order,1.0,Salmonidae,family,1.0,Coregonus,genus,0.91,Coregonus_ussuriensis,species,0.13
Zotu1,41_SC_I_12S_S9_MiFish_Ur_F_R,123049,CACCGCGGTTATACGAGAGGCCCTAGTTGATAATCACCGGCGTAAAGAGTGGTTAGGAATTATATTTAATAAAGCCGAACACCCCCTTGGCTGTCATACGCACCTGGGGGCACGAAGCCCCACTGCGAAAGCAGCTTTAATCACCACCTGAACCCACGACAGCTATGATA,,cellularOrganisms,cellularOrganisms,1.0,Eukaryota,superkingdom,1.0,Metazoa,kingdom,1.0,Chordata,phylum,1.0,Actinopteri,class,1.0,Salmoniformes,order,1.0,Salmonidae,family,1.0,Coregonus,genus,0.91,Coregonus_ussuriensis,species,0.13
Zotu1,49_SC_I_12S_S17_MiFish_Ur_F_R,111289,CACCGCGGTTATACGAGAGGCCCTAGTTGATAATCACCGGCGTAAAGAGTGGTTAGGAATTATATTTAATAAAGCCGAACACCCCCTTGGCTGTCATACGCACCTGGGGGCACGAAGCCCCACTGCGAAAGCAGCTTTAATCACCACCTGAACCCACGACAGCTATGATA,,cellularOrganisms,cellularOrganisms,1.0,Eukaryota,superkingdom,1.0,Metazoa,kingdom,1.0,Chordata,phylum,1.0,Actinopteri,class,1.0,Salmoniformes,order,1.0,Salmonidae,family,1.0,Coregonus,genus,0.91,Coregonus_ussuriensis,species,0.13
Zotu1,171_SC_I_12S_S25_MiFish_Ur_F_R,106091,CACCGCGGTTATACGAGAGGCCCTAGTTGATAATCACCGGCGTAAAGAGTGGTTAGGAATTATATTTAATAAAGCCGAACACCCCCTTGGCTGTCATACGCACCTGGGGGCACGAAGCCCCACTGCGAAAGCAGCTTTAATCACCACCTGAACCCACGACAGCTATGATA,,cellularOrganisms,cellularOrganisms,1.0,Eukaryota,superkingdom,1.0,Metazoa,kingdom,1.0,Chordata,phylum,1.0,Actinopteri,class,1.0,Salmoniformes,order,1.0,Salmonidae,family,1.0,Coregonus,genus,0.91,Coregonus_ussuriensis,species,0.13
Zotu1,2_SC_I_12S_S2_MiFish_Ur_F_R,130577,CACCGCGGTTATACGAGAGGCCCTAGTTGATAATCACCGGCGTAAAGAGTGGTTAGGAATTATATTTAATAAAGCCGAACACCCCCTTGGCTGTCATACGCACCTGGGGGCACGAAGCCCCACTGCGAAAGCAGCTTTAATCACCACCTGAACCCACGACAGCTATGATA,,cellularOrganisms,cellularOrganisms,1.0,Eukaryota,superkingdom,1.0,Metazoa,kingdom,1.0,Chordata,phylum,1.0,Actinopteri,class,1.0,Salmoniformes,order,1.0,Salmonidae,family,1.0,Coregonus,genus,0.91,Coregonus_ussuriensis,species,0.13
Zotu1,167_SC_I_12S_S24_MiFish_Ur_F_R,129,CACCGCGGTTATACGAGAGGCCCTAGTTGATAATCACCGGCGTAAAGAGTGGTTAGGAATTATATTTAATAAAGCCGAACACCCCCTTGGCTGTCATACGCACCTGGGGGCACGAAGCCCCACTGCGAAAGCAGCTTTAATCACCACCTGAACCCACGACAGCTATGATA,,cellularOrganisms,cellularOrganisms,1.0,Eukaryota,superkingdom,1.0,Metazoa,kingdom,1.0,Chordata,phylum,1.0,Actinopteri,class,1.0,Salmoniformes,order,1.0,Salmonidae,family,1.0,Coregonus,genus,0.91,Coregonus_ussuriensis,species,0.13
Zotu1,42_SC_I_12S_S10_MiFish_Ur_F_R,134442,CACCGCGGTTATACGAGAGGCCCTAGTTGATAATCACCGGCGTAAAGAGTGGTTAGGAATTATATTTAATAAAGCCGAACACCCCCTTGGCTGTCATACGCACCTGGGGGCACGAAGCCCCACTGCGAAAGCAGCTTTAATCACCACCTGAACCCACGACAGCTATGATA,,cellularOrganisms,cellularOrganisms,1.0,Eukaryota,superkingdom,1.0,Metazoa,kingdom,1.0,Chordata,phylum,1.0,Actinopteri,class,1.0,Salmoniformes,order,1.0,Salmonidae,family,1.0,Coregonus,genus,0.91,Coregonus_ussuriensis,species,0.13
Zotu1,40_SC_I_12S_S8_MiFish_Ur_F_R,93751,CACCGCGGTTATACGAGAGGCCCTAGTTGATAATCACCGGCGTAAAGAGTGGTTAGGAATTATATTTAATAAAGCCGAACACCCCCTTGGCTGTCATACGCACCTGGGGGCACGAAGCCCCACTGCGAAAGCAGCTTTAATCACCACCTGAACCCACGACAGCTATGATA,,cellularOrganisms,cellularOrganisms,1.0,Eukaryota,superkingdom,1.0,Metazoa,kingdom,1.0,Chordata,phylum,1.0,Actinopteri,class,1.0,Salmoniformes,order,1.0,Salmonidae,family,1.0,Coregonus,genus,0.91,Coregonus_ussuriensis,species,0.13
Zotu1,35_SC_I_12S_S4_MiFish_Ur_F_R,111318,CACCGCGGTTATACGAGAGGCCCTAGTTGATAATCACCGGCGTAAAGAGTGGTTAGGAATTATATTTAATAAAGCCGAACACCCCCTTGGCTGTCATACGCACCTGGGGGCACGAAGCCCCACTGCGAAAGCAGCTTTAATCACCACCTGAACCCACGACAGCTATGATA,,cellularOrganisms,cellularOrganisms,1.0,Eukaryota,superkingdom,1.0,Metazoa,kingdom,1.0,Chordata,phylum,1.0,Actinopteri,class,1.0,Salmoniformes,order,1.0,Salmonidae,family,1.0,Coregonus,genus,0.91,Coregonus_ussuriensis,species,0.13
Zotu1,U_SC_I_12S_S97_MiFish_Ur_F_R,61406,CACCGCGGTTATACGAGAGGCCCTAGTTGATAATCACCGGCGTAAAGAGTGGTTAGGAATTATATTTAATAAAGCCGAACACCCCCTTGGCTGTCATACGCACCTGGGGGCACGAAGCCCCACTGCGAAAGCAGCTTTAATCACCACCTGAACCCACGACAGCTATGATA,,cellularOrganisms,cellularOrganisms,1.0,Eukaryota,superkingdom,1.0,Metazoa,kingdom,1.0,Chordata,phylum,1.0,Actinopteri,class,1.0,Salmoniformes,order,1.0,Salmonidae,family,1.0,Coregonus,genus,0.91,Coregonus_ussuriensis,species,0.13
Zotu1,177_SC_I_12S_S28_MiFish_Ur_F_R,136739,CACCGCGGTTATACGAGAGGCCCTAGTTGATAATCACCGGCGTAAAGAGTGGTTAGGAATTATATTTAATAAAGCCGAACACCCCCTTGGCTGTCATACGCACCTGGGGGCACGAAGCCCCACTGCGAAAGCAGCTTTAATCACCACCTGAACCCACGACAGCTATGATA,,cellularOrganisms,cellularOrganisms,1.0,Eukaryota,superkingdom,1.0,Metazoa,kingdom,1.0,Chordata,phylum,1.0,Actinopteri,class,1.0,Salmoniformes,order,1.0,Salmonidae,family,1.0,Coregonus,genus,0.91,Coregonus_ussuriensis,species,0.13
Zotu1,48_SC_I_12S_S16_MiFish_Ur_F_R,86793,CACCGCGGTTATACGAGAGGCCCTAGTTGATAATCACCGGCGTAAAGAGTGGTTAGGAATTATATTTAATAAAGCCGAACACCCCCTTGGCTGTCATACGCACCTGGGGGCACGAAGCCCCACTGCGAAAGCAGCTTTAATCACCACCTGAACCCACGACAGCTATGATA,,cellularOrganisms,cellularOrganisms,1.0,Eukaryota,superkingdom,1.0,Metazoa,kingdom,1.0,Chordata,phylum,1.0,Actinopteri,class,1.0,Salmoniformes,order,1.0,Salmonidae,family,1.0,Coregonus,genus,0.91,Coregonus_ussuriensis,species,0.13
Zotu1,50_SC_I_12S_S18_MiFish_Ur_F_R,103759,CACCGCGGTTATACGAGAGGCCCTAGTTGATAATCACCGGCGTAAAGAGTGGTTAGGAATTATATTTAATAAAGCCGAACACCCCCTTGGCTGTCATACGCACCTGGGGGCACGAAGCCCCACTGCGAAAGCAGCTTTAATCACCACCTGAACCCACGACAGCTATGATA,,cellularOrganisms,cellularOrganisms,1.0,Eukaryota,superkingdom,1.0,Metazoa,kingdom,1.0,Chordata,phylum,1.0,Actinopteri,class,1.0,Salmoniformes,order,1.0,Salmonidae,family,1.0,Coregonus,genus,0.91,Coregonus_ussuriensis,species,0.13
Zotu1,174_SC_I_12S_S26_MiFish_Ur_F_R,165330,CACCGCGGTTATACGAGAGGCCCTAGTTGATAATCACCGGCGTAAAGAGTGGTTAGGAATTATATTTAATAAAGCCGAACACCCCCTTGGCTGTCATACGCACCTGGGGGCACGAAGCCCCACTGCGAAAGCAGCTTTAATCACCACCTGAACCCACGACAGCTATGATA,,cellularOrganisms,cellularOrganisms,1.0,Eukaryota,superkingdom,1.0,Metazoa,kingdom,1.0,Chordata,phylum,1.0,Actinopteri,class,1.0,Salmoniformes,order,1.0,Salmonidae,family,1.0,Coregonus,genus,0.91,Coregonus_ussuriensis,species,0.13
Zotu1,43_SC_I_12S_S11_MiFish_Ur_F_R,97239,CACCGCGGTTATACGAGAGGCCCTAGTTGATAATCACCGGCGTAAAGAGTGGTTAGGAATTATATTTAATAAAGCCGAACACCCCCTTGGCTGTCATACGCACCTGGGGGCACGAAGCCCCACTGCGAAAGCAGCTTTAATCACCACCTGAACCCACGACAGCTATGATA,,cellularOrganisms,cellularOrganisms,1.0,Eukaryota,superkingdom,1.0,Metazoa,kingdom,1.0,Chordata,phylum,1.0,Actinopteri,class,1.0,Salmoniformes,order,1.0,Salmonidae,family,1.0,Coregonus,genus,0.91,Coregonus_ussuriensis,species,0.13
Zotu1,1_SC_I_12S_S1_MiFish_Ur_F_R,144306,CACCGCGGTTATACGAGAGGCCCTAGTTGATAATCACCGGCGTAAAGAGTGGTTAGGAATTATATTTAATAAAGCCGAACACCCCCTTGGCTGTCATACGCACCTGGGGGCACGAAGCCCCACTGCGAAAGCAGCTTTAATCACCACCTGAACCCACGACAGCTATGATA,,cellularOrganisms,cellularOrganisms,1.0,Eukaryota,superkingdom,1.0,Metazoa,kingdom,1.0,Chordata,phylum,1.0,Actinopteri,class,1.0,Salmoniformes,order,1.0,Salmonidae,family,1.0,Coregonus,genus,0.91,Coregonus_ussuriensis,species,0.13
Zotu1,179_SC_I_12S_S30_MiFish_Ur_F_R,118189,CACCGCGGTTATACGAGAGGCCCTAGTTGATAATCACCGGCGTAAAGAGTGGTTAGGAATTATATTTAATAAAGCCGAACACCCCCTTGGCTGTCATACGCACCTGGGGGCACGAAGCCCCACTGCGAAAGCAGCTTTAATCACCACCTGAACCCACGACAGCTATGATA,,cellularOrganisms,cellularOrganisms,1.0,Eukaryota,superkingdom,1.0,Metazoa,kingdom,1.0,Chordata,phylum,1.0,Actinopteri,class,1.0,Salmoniformes,order,1.0,Salmonidae,family,1.0,Coregonus,genus,0.91,Coregonus_ussuriensis,species,0.13
Zotu1,34_SC_I_12S_S3_MiFish_Ur_F_R,116594,CACCGCGGTTATACGAGAGGCCCTAGTTGATAATCACCGGCGTAAAGAGTGGTTAGGAATTATATTTAATAAAGCCGAACACCCCCTTGGCTGTCATACGCACCTGGGGGCACGAAGCCCCACTGCGAAAGCAGCTTTAATCACCACCTGAACCCACGACAGCTATGATA,,cellularOrganisms,cellularOrganisms,1.0,Eukaryota,superkingdom,1.0,Metazoa,kingdom,1.0,Chordata,phylum,1.0,Actinopteri,class,1.0,Salmoniformes,order,1.0,Salmonidae,family,1.0,Coregonus,genus,0.91,Coregonus_ussuriensis,species,0.13
Zotu1,37_SC_I_12S_S5_MiFish_Ur_F_R,913,CACCGCGGTTATACGAGAGGCCCTAGTTGATAATCACCGGCGTAAAGAGTGGTTAGGAATTATATTTAATAAAGCCGAACACCCCCTTGGCTGTCATACGCACCTGGGGGCACGAAGCCCCACTGCGAAAGCAGCTTTAATCACCACCTGAACCCACGACAGCTATGATA,,cellularOrganisms,cellularOrganisms,1.0,Eukaryota,superkingdom,1.0,Metazoa,kingdom,1.0,Chordata,phylum,1.0,Actinopteri,class,1.0,Salmoniformes,order,1.0,Salmonidae,family,1.0,Coregonus,genus,0.91,Coregonus_ussuriensis,species,0.13
Zotu1,LW_NC_6_S100_MiFish_Ur_F_R,14,CACCGCGGTTATACGAGAGGCCCTAGTTGATAATCACCGGCGTAAAGAGTGGTTAGGAATTATATTTAATAAAGCCGAACACCCCCTTGGCTGTCATACGCACCTGGGGGCACGAAGCCCCACTGCGAAAGCAGCTTTAATCACCACCTGAACCCACGACAGCTATGATA,,cellularOrganisms,cellularOrganisms,1.0,Eukaryota,superkingdom,1.0,Metazoa,kingdom,1.0,Chordata,phylum,1.0,Actinopteri,class,1.0,Salmoniformes,order,1.0,Salmonidae,family,1.0,Coregonus,genus,0.91,Coregonus_ussuriensis,species,0.13
Zotu1,180_SC_I_12S_S31_MiFish_Ur_F_R,113128,CACCGCGGTTATACGAGAGGCCCTAGTTGATAATCACCGGCGTAAAGAGTGGTTAGGAATTATATTTAATAAAGCCGAACACCCCCTTGGCTGTCATACGCACCTGGGGGCACGAAGCCCCACTGCGAAAGCAGCTTTAATCACCACCTGAACCCACGACAGCTATGATA,,cellularOrganisms,cellularOrganisms,1.0,Eukaryota,superkingdom,1.0,Metazoa,kingdom,1.0,Chordata,phylum,1.0,Actinopteri,class,1.0,Salmoniformes,order,1.0,Salmonidae,family,1.0,Coregonus,genus,0.91,Coregonus_ussuriensis,species,0.13
Zotu1,107_SC_I_12S_S21_MiFish_Ur_F_R,65558,CACCGCGGTTATACGAGAGGCCCTAGTTGATAATCACCGGCGTAAAGAGTGGTTAGGAATTATATTTAATAAAGCCGAACACCCCCTTGGCTGTCATACGCACCTGGGGGCACGAAGCCCCACTGCGAAAGCAGCTTTAATCACCACCTGAACCCACGACAGCTATGATA,,cellularOrganisms,cellularOrganisms,1.0,Eukaryota,superkingdom,1.0,Metazoa,kingdom,1.0,Chordata,phylum,1.0,Actinopteri,class,1.0,Salmoniformes,order,1.0,Salmonidae,family,1.0,Coregonus,genus,0.91,Coregonus_ussuriensis,species,0.13
Zotu1,104_SC_I_12S_S19_MiFish_Ur_F_R,96727,CACCGCGGTTATACGAGAGGCCCTAGTTGATAATCACCGGCGTAAAGAGTGGTTAGGAATTATATTTAATAAAGCCGAACACCCCCTTGGCTGTCATACGCACCTGGGGGCACGAAGCCCCACTGCGAAAGCAGCTTTAATCACCACCTGAACCCACGACAGCTATGATA,,cellularOrganisms,cellularOrganisms,1.0,Eukaryota,superkingdom,1.0,Metazoa,kingdom,1.0,Chordata,phylum,1.0,Actinopteri,class,1.0,Salmoniformes,order,1.0,Salmonidae,family,1.0,Coregonus,genus,0.91,Coregonus_ussuriensis,species,0.13
Zotu1,176_SC_I_12S_S27_MiFish_Ur_F_R,85231,CACCGCGGTTATACGAGAGGCCCTAGTTGATAATCACCGGCGTAAAGAGTGGTTAGGAATTATATTTAATAAAGCCGAACACCCCCTTGGCTGTCATACGCACCTGGGGGCACGAAGCCCCACTGCGAAAGCAGCTTTAATCACCACCTGAACCCACGACAGCTATGATA,,cellularOrganisms,cellularOrganisms,1.0,Eukaryota,superkingdom,1.0,Metazoa,kingdom,1.0,Chordata,phylum,1.0,Actinopteri,class,1.0,Salmoniformes,order,1.0,Salmonidae,family,1.0,Coregonus,genus,0.91,Coregonus_ussuriensis,species,0.13
Zotu1,178_SC_I_12S_S29_MiFish_Ur_F_R,7814,CACCGCGGTTATACGAGAGGCCCTAGTTGATAATCACCGGCGTAAAGAGTGGTTAGGAATTATATTTAATAAAGCCGAACACCCCCTTGGCTGTCATACGCACCTGGGGGCACGAAGCCCCACTGCGAAAGCAGCTTTAATCACCACCTGAACCCACGACAGCTATGATA,,cellularOrganisms,cellularOrganisms,1.0,Eukaryota,superkingdom,1.0,Metazoa,kingdom,1.0,Chordata,phylum,1.0,Actinopteri,class,1.0,Salmoniformes,order,1.0,Salmonidae,family,1.0,Coregonus,genus,0.91,Coregonus_ussuriensis,species,0.13
Zotu1,45_SC_I_12S_S13_MiFish_Ur_F_R,80665,CACCGCGGTTATACGAGAGGCCCTAGTTGATAATCACCGGCGTAAAGAGTGGTTAGGAATTATATTTAATAAAGCCGAACACCCCCTTGGCTGTCATACGCACCTGGGGGCACGAAGCCCCACTGCGAAAGCAGCTTTAATCACCACCTGAACCCACGACAGCTATGATA,,cellularOrganisms,cellularOrganisms,1.0,Eukaryota,superkingdom,1.0,Metazoa,kingdom,1.0,Chordata,phylum,1.0,Actinopteri,class,1.0,Salmoniformes,order,1.0,Salmonidae,family,1.0,Coregonus,genus,0.91,Coregonus_ussuriensis,species,0.13
Zotu1,166_SC_I_12S_S23_MiFish_Ur_F_R,676,CACCGCGGTTATACGAGAGGCCCTAGTTGATAATCACCGGCGTAAAGAGTGGTTAGGAATTATATTTAATAAAGCCGAACACCCCCTTGGCTGTCATACGCACCTGGGGGCACGAAGCCCCACTGCGAAAGCAGCTTTAATCACCACCTGAACCCACGACAGCTATGATA,,cellularOrganisms,cellularOrganisms,1.0,Eukaryota,superkingdom,1.0,Metazoa,kingdom,1.0,Chordata,phylum,1.0,Actinopteri,class,1.0,Salmoniformes,order,1.0,Salmonidae,family,1.0,Coregonus,genus,0.91,Coregonus_ussuriensis,species,0.13
Zotu1,44_SC_I_12S_S12_MiFish_Ur_F_R,104836,CACCGCGGTTATACGAGAGGCCCTAGTTGATAATCACCGGCGTAAAGAGTGGTTAGGAATTATATTTAATAAAGCCGAACACCCCCTTGGCTGTCATACGCACCTGGGGGCACGAAGCCCCACTGCGAAAGCAGCTTTAATCACCACCTGAACCCACGACAGCTATGATA,,cellularOrganisms,cellularOrganisms,1.0,Eukaryota,superkingdom,1.0,Metazoa,kingdom,1.0,Chordata,phylum,1.0,Actinopteri,class,1.0,Salmoniformes,order,1.0,Salmonidae,family,1.0,Coregonus,genus,0.91,Coregonus_ussuriensis,species,0.13
Zotu1,47_SC_I_12S_S15_MiFish_Ur_F_R,96761,CACCGCGGTTATACGAGAGGCCCTAGTTGATAATCACCGGCGTAAAGAGTGGTTAGGAATTATATTTAATAAAGCCGAACACCCCCTTGGCTGTCATACGCACCTGGGGGCACGAAGCCCCACTGCGAAAGCAGCTTTAATCACCACCTGAACCCACGACAGCTATGATA,,cellularOrganisms,cellularOrganisms,1.0,Eukaryota,superkingdom,1.0,Metazoa,kingdom,1.0,Chordata,phylum,1.0,Actinopteri,class,1.0,Salmoniformes,order,1.0,Salmonidae,family,1.0,Coregonus,genus,0.91,Coregonus_ussuriensis,species,0.13
Zotu1,181_SC_I_12S_S32_MiFish_Ur_F_R,161511,CACCGCGGTTATACGAGAGGCCCTAGTTGATAATCACCGGCGTAAAGAGTGGTTAGGAATTATATTTAATAAAGCCGAACACCCCCTTGGCTGTCATACGCACCTGGGGGCACGAAGCCCCACTGCGAAAGCAGCTTTAATCACCACCTGAACCCACGACAGCTATGATA,,cellularOrganisms,cellularOrganisms,1.0,Eukaryota,superkingdom,1.0,Metazoa,kingdom,1.0,Chordata,phylum,1.0,Actinopteri,class,1.0,Salmoniformes,order,1.0,Salmonidae,family,1.0,Coregonus,genus,0.91,Coregonus_ussuriensis,species,0.13
Zotu74,48_SC_I_12S_S16_MiFish_Ur_F_R,4,AGCCGCGGTAAGACGAGCTCCCCAAACGTTATTCGGTATCACTGGGCTTAAAGAGTTCGTAGGCGGCGAAGTAGGTGAGGTGTGAAAGCCCTCGGCTCAACCGAGGAACTGCGCTTCAAACCGCTTTGCTAGAGGGAGATAGGGGTAAGCGGAACAGATGGTGGAGCGGTGAAATGCATTGATATCATCTGGAACACCGGTGGCGAAAGCGGCTTACTGGATCTTTTCTGACGCTGAGGAACGAAAGCTAGGGTAG,,cellularOrganisms,cellularOrganisms,1.0,Eukaryota,superkingdom,1.0,Metazoa,kingdom,1.0,Chordata,phylum,1.0,Actinopteri,class,0.97,Anguilliformes,order,0.14,Nemichthyidae,family,0.08,Avocettina,genus,0.08,Avocettina_infans,species,0.08
Zotu33,42_SC_I_12S_S10_MiFish_Ur_F_R,28,AGCAGCGGTAATACGAGTACCCCGAGCGTTATCCGGAATTATTGGGCGTAAAGGATGTGTAGGTGGTTATGTTAGTCGTGTGTTAAAGCCCGAGGCTCAACTTCGGATCCGCATACGAAACGGCATGACTAGAGGTTGCGAGAGGTGAACGGAACTCTATGTGTAGGGGTGAAATCCGTTGATATATAGGGGAACACCAAAAGCGAAGGCAGTTCACTGGCGCACACCTGACACTGAAACATGAAAGCGTGGGTAG,,cellularOrganisms,cellularOrganisms,1.0,Eukaryota,superkingdom,1.0,Metazoa,kingdom,1.0,Chordata,phylum,1.0,Actinopteri,class,0.94,Gobiiformes,order,0.15,Gobiidae,family,0.15,Boleophthalmus,genus,0.03,Boleophthalmus_pectinirostris,species,0.02
Zotu65,37_SC_I_12S_S5_MiFish_Ur_F_R,6,AGCCGCGGTAATACGGAGGGTGCAAGCGTTAATCGGAATTACTGGGCGTAAAGCGCACGCAGGCGGTTTGTTAAGTCAGATGTGAAATCCCCGAGCTTAACTTGGGAACTGCATTTGAAACTGGCAAGCTAGAGTCTTGTAGAGGGGGGTAGAATTCCAGGTGTAGCGGTGAAATGCGTAGAGATCTGGAGGAATACCGGTGGCGAAGGCGGCCCCCTGGACAAAGACTGACGCTCAGGTGCGAAAGCGTGGGGAG,-,cellularOrganisms,cellularOrganisms,1.0,Eukaryota,superkingdom,1.0,Metazoa,kingdom,1.0,Chordata,phylum,1.0,Actinopteri,class,0.95,Labriformes,order,0.01,Labridae,family,0.01,Calotomus,genus,0.01,Calotomus_japonicus,species,0.01
Zotu55,105_SC_I_12S_S20_MiFish_Ur_F_R,10,AGCAGCGGTAATACGAGTGCCCCAAGCGTTATCCGGAATTATTGGGCGTAAAGGGTGAGTAGGTGGTTATATTAGTCTTGTGTTAAAGCCTTCGGCTCAACCGAAGATCTGCATAGGAAACGGTATAACTAGAGTATGTGAGAGGTGTGTAGAACTCATGGAGTAGGGGTGAAATCCGTTGATATCATGGGGAATACCAAAAGCGTAGGCAGCACACTGGCACATTACTGACACTGAATCACGAAAGCGTGGGTAG,,cellularOrganisms,cellularOrganisms,1.0,Eukaryota,superkingdom,1.0,Metazoa,kingdom,1.0,Chordata,phylum,1.0,Actinopteri,class,0.9,Pleuronectiformes,order,0.06,Bothidae,family,0.05,Arnoglossus,genus,0.04,Arnoglossus_tenuis,species,0.04
Zotu15,48_SC_I_12S_S16_MiFish_Ur_F_R,89,AGCCGCGGTAATACGAGAGGCCCAAACATTATTCGGAATTACTGGGCTTAAAGAGTTCGTAGGCGGCATGGTAAGTAGGGTGTGAAATCCCTCGGCTCAACCGAGGAATTGCGCTCTAAACTACCGTGCTCGAGGAAGCTAGAGGTGAGCGGAACTGATGGTGGAGCGGTGAAATGCGTTGATATCATCAGGAACACCGGAGGCGAAGGCGGCTCACTGGGGCTTTTCTGACGCTGAGGAACGAAAGCCAGGGTAG,,cellularOrganisms,cellularOrganisms,1.0,Eukaryota,superkingdom,1.0,Metazoa,kingdom,1.0,Chordata,phylum,1.0,Cladistia,class,0.06,Polypteriformes,order,0.06,Polypteridae,family,0.06,Polypterus,genus,0.06,Polypterus_weeksii,species,0.01
Zotu44,34_SC_I_12S_S3_MiFish_Ur_F_R,3,AGCCGCGGTAAGACGGGGGATGCAAGTGTTATCCGGATTTACTGGGCGTAAAGCGTCTGCAGGTGGTTTTTTAAGTCTACTGTTAAATCTTGAGGCTCAACCTCAAATCTGCAGTAGAAACTAGAAGACTTGAGTATAGTAGGGGTAGAGGGAATTTCCAGTGGAGCGGTGAAATGCGTAGATATTGGAAAGAACACCGATGGCGAAGGCACTCTACTGGGCTATTACTGACACTCAGAGACGAAAGCTAGGGGAG,-,cellularOrganisms,cellularOrganisms,1.0,Eukaryota,superkingdom,1.0,Metazoa,kingdom,1.0,Chordata,phylum,1.0,Actinopteri,class,0.82,Priacanthiformes,order,0.12,Cepolidae,family,0.12,Acanthocepola,genus,0.12,Acanthocepola_krusensternii,species,0.12
Zotu44,48_SC_I_12S_S16_MiFish_Ur_F_R,13,AGCCGCGGTAAGACGGGGGATGCAAGTGTTATCCGGATTTACTGGGCGTAAAGCGTCTGCAGGTGGTTTTTTAAGTCTACTGTTAAATCTTGAGGCTCAACCTCAAATCTGCAGTAGAAACTAGAAGACTTGAGTATAGTAGGGGTAGAGGGAATTTCCAGTGGAGCGGTGAAATGCGTAGATATTGGAAAGAACACCGATGGCGAAGGCACTCTACTGGGCTATTACTGACACTCAGAGACGAAAGCTAGGGGAG,-,cellularOrganisms,cellularOrganisms,1.0,Eukaryota,superkingdom,1.0,Metazoa,kingdom,1.0,Chordata,phylum,1.0,Actinopteri,class,0.82,Priacanthiformes,order,0.12,Cepolidae,family,0.12,Acanthocepola,genus,0.12,Acanthocepola_krusensternii,species,0.12
Zotu31,48_SC_I_12S_S16_MiFish_Ur_F_R,29,AGCCGCGGTAAGACGAACCGTGCGAACGTTGTTCGGAATCATTGGGCTTAAAGGGCGCGTAGGCGGGTGTTCAAGTCCGGGGTGAAATCCTCCAGCTCAACTGGAGAAGAGCCCCGGATACTGTTCATCTAGAGAGAGGTAGGGGCACATGGAACTTCCGGTGGAGCGGTGAAATGCGTAGAGATCGGAAGGAACGCCGGTGGCGAAAGCGATGTGCTGGATCTTTTCTGACGCTGAGGCGCGAAAGCTAGGGGAG,-,cellularOrganisms,cellularOrganisms,1.0,Eukaryota,superkingdom,1.0,Metazoa,kingdom,1.0,Chordata,phylum,1.0,Actinopteri,class,0.92,Anabantiformes,order,0.04,Osphronemidae,family,0.03,Macropodus,genus,0.02,Macropodus_erythropterus,species,0.02
Zotu20,181_SC_I_12S_S32_MiFish_Ur_F_R,76,AGCCGCGGTAAGACGAACCGTGCGAACGTTGTTCGGAATCATTGGGCTTAAAGGGCGCGTAGGCGGGTGTTCAAGTCCGGGGTGAAAGCCTCCAGCTCAACTGGAGAAGAGCCCCGGATACTGTTCACCTGGAGAGAGATAGGGGCACATGGAACTTCCGGTGGAGCGGTGAAATGCGTAGAGATCGGAAGGAACGCCGGTGGCGAAAGCGATGTGCTGGATCTTTTCTGACGCTGAGGCGCGAAAGCTAGGGGAG,-,cellularOrganisms,cellularOrganisms,1.0,Eukaryota,superkingdom,1.0,Metazoa,kingdom,1.0,Chordata,phylum,1.0,Actinopteri,class,0.95,Gobiiformes,order,0.14,Gobiidae,family,0.13,Tridentiger,genus,0.1,Tridentiger_barbatus,species,0.1
Zotu62,48_SC_I_12S_S16_MiFish_Ur_F_R,8,AGCCGCGGTCATACGGAGGATCCAAGCGTTATCCGGAATTACTGGGCGTAAAGAGTTGCGTAGGCGGTTAAGTAAGTTGGTAGTGAAAGCGTGGGGCTCAACCTCATATCCATTACCAAAACTGCTTTGACTAGAGAATGAGAGAGGTCGCTGGAATTTCTTGTGTAGGAGTGAAATCCGTATATATAAGAAGGAACACCGATGGCGTAGGCAGGCGACTGGCTCATTTCTGACGCTCAGGCACGAAAGCGTGGGGAG,,cellularOrganisms,cellularOrganisms,1.0,Eukaryota,superkingdom,1.0,Metazoa,kingdom,1.0,Chordata,phylum,1.0,Actinopteri,class,0.93,undef_Actinopteri,order,0.09,Sphyraenidae,family,0.07,Sphyraena,genus,0.07,Sphyraena_japonica,species,0.06
Zotu21,44_SC_I_12S_S12_MiFish_Ur_F_R,65,AGCCGCGGTAACACGTACTGTGCGAACGTTATTCGGAATCACTGGGCTTAAAGGGTGCGTAGGCGGCGATACAAGTCAGGTGTGAAATGCCGGAGCTCAACTGCGGCATTGCGCTTGAAACTGTGTTGCTTGAGTATTTCAGGGGTGTGGGGAACTGCCAGTGGAGCGGTGAAATGTGTTGATATTGGCAGGAACACCGGAGGCGAAAGCGCCACACTGGGGAATAACTGACGCTGAGGCACGAAAGCCAGGGGAG,-,cellularOrganisms,cellularOrganisms,1.0,Eukaryota,superkingdom,1.0,Metazoa,kingdom,1.0,Chordata,phylum,1.0,Actinopteri,class,0.92,Clupeiformes,order,0.11,Clupeidae,family,0.11,Spratelloides,genus,0.08,Spratelloides_delicatulus,species,0.08
Zotu52,107_SC_I_12S_S21_MiFish_Ur_F_R,11,AGCCGCGGTAAGACGAGCTCCCCGAACGTTATTCGGTATTACTGGGCTTAAAGAGTTCGTAGGCGGCGAAGTAGGTGAGGTGTGAAAGCCCTCGGCTCAACCGAGGAACTGCGCTTCAAACCGCTTTGCTAGAGGGAGATAGGGGTAAGCGGAACAGATGGTGGAACGGTGAAATGTATTGATATCATCTGGAACACCGGTGGCGAAAGCGGCTTACTGGGTCTTTTCTGACGCTGAGGAACGAAAGCTAGGGTAG,-,cellularOrganisms,cellularOrganisms,1.0,Eukaryota,superkingdom,1.0,Metazoa,kingdom,1.0,Chordata,phylum,1.0,Actinopteri,class,0.98,Stomiiformes,order,0.09,Gonostomatidae,family,0.09,Sigmops,genus,0.09,Sigmops_gracilis,species,0.09
Zotu8,107_SC_I_12S_S21_MiFish_Ur_F_R,111,CACCGCGGTTATACGAGAGGCCCAAGTTGATAGCTACCGGCGTAAAGCGTGGTTAAGATAAAGACTAAGACTAAAGCCGAACGCCCTCAGAGCTGTTATACGCACCCGATGGTGAGAAGTTCAATCACGAAAGTGGCTTTATAAATCCTGAACCCACGAAAGCTAAGATA,,cellularOrganisms,cellularOrganisms,1.0,Eukaryota,superkingdom,1.0,Metazoa,kingdom,1.0,Chordata,phylum,1.0,Actinopteri,class,1.0,Perciformes,order,1.0,Percidae,family,1.0,Sander,genus,1.0,Sander_vitreus,species,1.0
Zotu6,42_SC_I_12S_S10_MiFish_Ur_F_R,130,AGCAGCGGTAATACGAGTGCCCCAAGCGTTATCCGGAATTATTGGGTGTAAAGGGTGCGTAGGTGGTTTTATTAGTCTAGTGTTAAATCCTGGGGCTCAACTCCAGATCTGCACCGGAAACGGTAAAACTAGAGGGTGTGAGAGGTCTGTAGAACTCATGGTGTAGGGGTGAAATCCGTTGATATCATGGGGAATACCAAAAGCGAAGGCAGCAGACTGGCACATTCCTGACACTGAGGCACGAAAGCGTAGGTAG,,cellularOrganisms,cellularOrganisms,1.0,Eukaryota,superkingdom,1.0,Metazoa,kingdom,1.0,Chordata,phylum,1.0,Actinopteri,class,0.93,Labriformes,order,0.13,Labridae,family,0.13,Scarus,genus,0.06,Scarus_schlegeli,species,0.06
Zotu82,48_SC_I_12S_S16_MiFish_Ur_F_R,3,CACCGCGGTAATACGAACTGTGCGAACGTTACTCGGAATCACTGGGCTTACAGGGTGCGTAGGTGGCTTGATAAGCAGGGTGTGAAATCCCTCGGCTCAACCGAGGAACTGCGCTCTGAACTGTCGGGCTAGAGTATGCTAGAGGTGAATGGAACATCCAGTGGAGCGGTGAAATGTGTTGATATTGGATGGAACACCAGAGGCGAAGGCGATTCACTGGGGCATAACTGACACTGAGGCACGAAAGCCAGGGGAG,-,cellularOrganisms,cellularOrganisms,1.0,Eukaryota,superkingdom,1.0,Metazoa,kingdom,1.0,Chordata,phylum,1.0,Actinopteri,class,0.77,Anguilliformes,order,0.07,Cyematidae,family,0.07,Cyema,genus,0.07,Cyema_atrum,species,0.07
Zotu30,48_SC_I_12S_S16_MiFish_Ur_F_R,32,AGCCGCGGTAATACGTAGGTGACAAGCGTTATCCGGAATTACTGGGCGTAAAGCGCACGCAGGCGGCTAAGCAAGTCTGGCGTAAAATCTCCTGGCTTAACTGGGAGGGGTCGTTGGAAACTGTTTGGCTTGAGGCAACGAGAGGGGTGTAGAATTCCCGGTGTAGTGGTGGAATGCGTAGATATCGGGAGGAATACCAGAGGCGAAAGCGGCACCCTGGCGTTGTACTGACGCTCATGTGCGAAGGCGTGGGGAG,-,cellularOrganisms,cellularOrganisms,1.0,Eukaryota,superkingdom,1.0,Metazoa,kingdom,1.0,Chordata,phylum,1.0,Actinopteri,class,0.96,Clupeiformes,order,0.18,Clupeidae,family,0.17,Jenkinsia,genus,0.14,Jenkinsia_sp._CL54,species,0.14
Zotu5,1_SC_I_12S_S1_MiFish_Ur_F_R,3,CACCGCGGTTATACGAGAGGCCCTAGTTGACAGCTATCGGCGTAAAGCGTGATTATAGGACGCTAAACAACTAAAGCCAAAAACCCTCCGGGCCGTCATACGCATCCGAGGGCGCGAGGCCCTATTACGAAAGTAGCTTTAACAAAAAGCACCTAGAACTCACGACAGCTGGGAAA,,cellularOrganisms,cellularOrganisms,1.0,Eukaryota,superkingdom,1.0,Metazoa,kingdom,1.0,Chordata,phylum,1.0,Actinopteri,class,1.0,Hiodontiformes,order,1.0,Hiodontidae,family,1.0,Hiodon,genus,1.0,Hiodon_alosoides,species,1.0
Zotu5,107_SC_I_12S_S21_MiFish_Ur_F_R,142,CACCGCGGTTATACGAGAGGCCCTAGTTGACAGCTATCGGCGTAAAGCGTGATTATAGGACGCTAAACAACTAAAGCCAAAAACCCTCCGGGCCGTCATACGCATCCGAGGGCGCGAGGCCCTATTACGAAAGTAGCTTTAACAAAAAGCACCTAGAACTCACGACAGCTGGGAAA,,cellularOrganisms,cellularOrganisms,1.0,Eukaryota,superkingdom,1.0,Metazoa,kingdom,1.0,Chordata,phylum,1.0,Actinopteri,class,1.0,Hiodontiformes,order,1.0,Hiodontidae,family,1.0,Hiodon,genus,1.0,Hiodon_alosoides,species,1.0
Zotu56,177_SC_I_12S_S28_MiFish_Ur_F_R,3,AGCCGCGGTAATACGAGTGGTGCAAACGTTGTTCGGAATTACTGGGCTTAAAGGGTGCGTAGGCGGCCATGTAGGTCTGATGTGAAATACCACGGCTCAACCGTGGAACTGCGTTGGATACCGCATGGCTGGAGTGAGACAGAGGTAAGCGGAACTGATGGTGGAGCGGTGAAATGCGTTGATATCATCAGGAACACCGGTGGCGAAAGCGGCTTACTGGGTCTTTACTGACGCTGATGCACGAAAGCTAGGGGAG,-,cellularOrganisms,cellularOrganisms,1.0,Eukaryota,superkingdom,1.0,Metazoa,kingdom,1.0,Chordata,phylum,1.0,Actinopteri,class,0.94,Syngnathiformes,order,0.09,Syngnathidae,family,0.08,Oostethus,genus,0.05,Oostethus_brachyurus,species,0.05
Zotu56,107_SC_I_12S_S21_MiFish_Ur_F_R,7,AGCCGCGGTAATACGAGTGGTGCAAACGTTGTTCGGAATTACTGGGCTTAAAGGGTGCGTAGGCGGCCATGTAGGTCTGATGTGAAATACCACGGCTCAACCGTGGAACTGCGTTGGATACCGCATGGCTGGAGTGAGACAGAGGTAAGCGGAACTGATGGTGGAGCGGTGAAATGCGTTGATATCATCAGGAACACCGGTGGCGAAAGCGGCTTACTGGGTCTTTACTGACGCTGATGCACGAAAGCTAGGGGAG,-,cellularOrganisms,cellularOrganisms,1.0,Eukaryota,superkingdom,1.0,Metazoa,kingdom,1.0,Chordata,phylum,1.0,Actinopteri,class,0.94,Syngnathiformes,order,0.09,Syngnathidae,family,0.08,Oostethus,genus,0.05,Oostethus_brachyurus,species,0.05
Zotu66,39_SC_I_12S_S7_MiFish_Ur_F_R,6,AGCCGCGGTAAGACGAACCGTGCGAACGTTATTCGGAATCACTGGGCTTAAAGCGCGTGTAGGTGGCTTGATACGTCTGTCGCTGAAATCCCCCGGCTTAACCGGGGAACTGGCGTGGATACGGTCAGGCTTGAGGGATGTAGGGGGATCGGGAACTTCCGGTGGAGCGGTGAAATGCGTTGAGATCGGAAGGAACGCCCGTGGCGAAAGCGCGGTCCTGGACATTTCCTGACACTGAGACGCGAAAGCTAGGGGAG,-,cellularOrganisms,cellularOrganisms,1.0,Eukaryota,superkingdom,1.0,Metazoa,kingdom,1.0,Chordata,phylum,1.0,Actinopteri,class,0.91,Clupeiformes,order,0.05,Clupeidae,family,0.03,Jenkinsia,genus,0.03,Jenkinsia_sp._CL54,species,0.03
Zotu49,48_SC_I_12S_S16_MiFish_Ur_F_R,13,AGCCGCGGTAAGACGAGCTCTCCAAACGTTATTCGGTATTACTGGGCTTAAAGAGTTCGTAGGCGGCTTTGTAGGTGGGGTGTGAAAGCCCTCGGCTTAACCGAGGAACTGCGCCCCAAACCACAAGGCTTGAGGGGTATAGGGGTAAGCGGAACAGATGGTGGAGCGGTGAAATGCATTGATATCATCTGGAACACCGGTGGCGAAGGCGGCTTACTGGATACTTTCTGACGCTGAGGAACGAAAGCTAGGGTAG,-,cellularOrganisms,cellularOrganisms,1.0,Eukaryota,superkingdom,1.0,Metazoa,kingdom,1.0,Chordata,phylum,1.0,Actinopteri,class,0.93,Stomiiformes,order,0.24,Gonostomatidae,family,0.24,Sigmops,genus,0.24,Sigmops_gracilis,species,0.24
